insert into OriginType 
values
('StayCity', 1),
('DistantCity', 0.5);
select * from OriginType

insert into DestinationType 
values
('Multiple', 0.65),
('Single', 1);
select * from DestinationType

insert into EligibilityType 
values
('Normal', 0),
('Bonus', 0),
('Apology', 1);
select * from EligibilityType

insert into FlightCompany 
values
('EgyptAir', 0),
('EgyptAirCargo', 0),
('AirCairo', 0);
select * from FlightCompany

insert into Department 
values
('Production8000', 0),
('Production7000', 0),
('Production6000', 0),
('Str_Repair8000', 0),
('Str_Repair7000', 0),
('Str_Repair6000', 0),
('T.S.', 0),
('Tech_Support8000', 0),
('Tech_Support7000', 0),
('Tech_Support6000', 0),
('NDT', 0),
('Borescope', 0),
('Quality Control', 0),
('Engineering', 0),
('Planning', 0);
select * from Department

insert into AircraftType 
values
('A320', 'V2500', 0),
('A320', 'CFM56-5B', 0),
('A330-200', 'Trent700', 0),
('A330-300', 'Trent700', 0),
('A330', 'CF6-80E1', 0),
('A330F', 'Trent700', 0),
('B737-800', 'CFM56-7B', 0),
('B777-200', 'PW4000', 0),
('B777-300', 'GE90', 0),
('ERJ-170', 'CF34', 0),
('B787-9', 'Trent1000', 0),
('A220-300', 'PW1500G', 0),
('A340-200', 'CFM56-5C', 0);
select * from AircraftType

insert into DistanceType
values
('Short', 1, 3, '<=', null, null),
('Long', 0.65, 4, '<=', 3, '>'),
('Extra', 0.5, null, null, 4, '>');
select * from DistanceType

insert into HolidayType
values
('Weekly', 0),
('Monthly', 0),
('Yearly', 0);
select * from HolidayType

insert into Holiday
values
('Friday', 1, null, null, null, 'Weekly'),
('Saturday', 1, null, null, null, 'Weekly'),
('Coptic Christmas Day', 1, '07', '01', null, 'Yearly'),
('2011 Revolution Day', 1, '25', '01', null, 'Yearly'),
('Sinai Libration Day', 1, '25', '04', null, 'Yearly'),
('Labor Day', 1, '01', '05', null, 'Yearly'),
('2013 Revolution Day', 1, '30', '06', null, 'Yearly'),
('1952 Revolution Day', 1, '23', '07', null, 'Yearly'),
('Armed Forces Day', 1, '06', '10', null, 'Yearly'),
('Coptic Easter Day', 0, '16', '04', '2017', 'Yearly'),
('Sham El Nessim', 0, '17', '04', '2017', 'Yearly'),
('Feast of el Fitr Day 1', 0, '25', '06', '2017', 'Yearly'),
('Feast of el Fitr Day 2', 0, '26', '06', '2017', 'Yearly'),
('Feast of el Fitr Day 3', 0, '27', '06', '2017', 'Yearly'),
('Arafat Standing', 0, '31', '08', '2017', 'Yearly'),
('Feast of el Adhaa Day 1', 0, '01', '09', '2017', 'Yearly'),
('Feast of el Adhaa Day 2', 0, '02', '09', '2017', 'Yearly'),
('Feast of el Adhaa Day 3', 0, '03', '09', '2017', 'Yearly'),
('Feast of el Adhaa Day 3', 0, '04', '09', '2017', 'Yearly'),
('Islamic New Year', 0, '21', '09', '2017', 'Yearly'),
('Prophet Mohamed Birthday', 0, '30', '11', '2017', 'Yearly'),
('Coptic Easter Day', 0, '28', '04', '2019', 'Yearly'),
('Sham El Nessim', 0, '29', '04', '2019', 'Yearly'),
('Feast of el Fitr Day 1', 0, '05', '06', '2019', 'Yearly'),
('Feast of el Fitr Day 2', 0, '06', '06', '2019', 'Yearly'),
('Feast of el Fitr Day 3', 0, '07', '06', '2019', 'Yearly'),
('Arafat Standing', 0, '11', '08', '2019', 'Yearly'),
('Feast of el Adhaa Day 1', 0, '12', '08', '2019', 'Yearly'),
('Feast of el Adhaa Day 2', 0, '13', '08', '2019', 'Yearly'),
('Feast of el Adhaa Day 3', 0, '14', '08', '2019', 'Yearly'),
('Feast of el Adhaa Day 3', 0, '15', '08', '2019', 'Yearly'),
('Islamic New Year', 0, '31', '08', '2019', 'Yearly'),
('Prophet Mohamed Birthday', 0, '09', '11', '2019', 'Yearly');
select * from Holiday

insert into Qualification
values
('Engineering', 'Bachelor', 'Mechanical', 0),
('Engineering', 'Bachelor', 'Electrical', 0),
('Engineering', 'Bachelor', 'Communications', 0),
('Engineering', 'Master', 'Mechanical', 0),
('Engineering', 'Master', 'Electrical', 0),
('Engineering', 'Master', 'Communications', 0),
('Engineering', 'Doctoral', 'Mechanical', 0),
('Engineering', 'Doctoral', 'Electrical', 0),
('Engineering', 'Doctoral', 'Communications', 0),
('Technical Institute', 'Associate', 'Mechanical', 0),
('Technical Institute', 'Associate', 'Electrical', 0),
('Technical Institute', 'Associate', 'Communications', 0);
select * from Qualification

insert into ApprovalDetail
values
('Dispatch', 'B2', 0),
('Dispatch', 'B1', 0),
('Airframe', 'B1', 0),
('Engine', 'B1', 0),
('Airframe & Engine', 'B1', 0),
('Electric', 'B2', 0),
('Avionics', 'B2', 0),
('Multi-X', 'B2', 0);
select * from ApprovalDetail

insert into GroupOfSpanners
values
('AirbusProduction', '20170101', 0, 1, 0),
('BoeingProduction', '20180101', 0, 0, 0);
select * from GroupOfSpanners

insert into Organizer
values
('81482', 'Hany', 'Abd El-Aziz', 'Abd El-Aleem', 'Alaam', 'abc@msn.com', '1234', '01234567890', null, 'Engineer'),
('64650', 'Amr', 'Mostafa', 'Mohamed', 'Khalfalla', 'abc@yahoo.com', '1234', '01234567891', null, 'Engineer');
select * from Organizer

insert into OrganizerGroup
values
('64650', 'AirbusProduction'),
('81482', 'AirbusProduction');
select * from OrganizerGroup

insert into Airport
values
('ALG', 'DAAG', 'ALGERIA', 'ALGIERS', null),
('GRZ', 'LOWG', 'AUSTRIA', 'GRAZ', 'Thalerhof'),
('LNZ', 'LOWL', 'AUSTRIA', 'LINZ', null),
('SZG', 'LOWS', 'AUSTRIA', 'SALZBURG', null),
('BAH', 'OBBI', 'BAHRAIN', 'MUHARRAQ', null),
('BRU', 'EBBR', 'BELGIUM', 'BRUSSEL', null),
('BGF', 'FEFF', 'CENTRAL AFRICAN REPUBLIC', 'BANGUI', 'MuPoko'),
('NDJ', 'FTTJ', 'CHAD', 'N DJAMENA', null),
('PRG', 'LKPR', 'CZECH REPUBLIC', 'PRAGUE', null),
('BLL', 'EKBI', 'DENMARK', 'BILLUND', null),
('HBE', 'HEBA', 'EGYPT', 'ALEXANDRIA', 'BORG EL-ARAB'),
('ATZ', 'HEAT', 'EGYPT', 'ASSIUT', null),
('ASW', 'HESN', 'EGYPT', 'ASWAN', null),
('CAI', 'HECA', 'EGYPT', 'CAIRO', null),
('HRG', 'HEGN', 'EGYPT', 'HURGHADA', null),
('LXR', 'HELX', 'EGYPT', 'LUXOR', null),
('RMF', 'HEMA', 'EGYPT', 'MARSA ALAM', null),
('SSH', 'HESH', 'EGYPT', 'SHARM EL-SHEIKH', null),
('HMB', 'HEMK', 'EGYPT', 'SOHAG', null),
('ASM', 'HHAS', 'ERITREA', 'ASMARA', null),
('ADD', 'HAAB', 'ETHIOPIA', 'ADDIS ABABA', 'Bole'),
('CDG', 'LFPG', 'FRANCE', 'PARIS', 'CHARLES DE GAULLE'),
('ORY', 'LFPO', 'FRANCE', 'PARIS', 'ORLY'),
('SXF', 'EDDB', 'GERMANY', 'BERLIN', 'Berlin Schonefeld'),
('CGN', 'EDDK', 'GERMANY', 'COLOGNE', 'Cologne Bonn'),
('DUS', 'EDDL', 'GERMANY', 'DUSSELDORF', null),
('FRA', 'EDDF', 'GERMANY', 'FRAKFURT', null),
('HAM', 'EDDH', 'GERMANY', 'HAMBURG', 'Hamburg-Fuhlsbuttel'),
('XFW', 'EDDI', 'GERMANY', 'HAMBURG', 'Hamburg Finkenwerder'),
('HAJ', 'EDDV', 'GERMANY', 'HANNOVER', null),
('LEJ', 'EDDP', 'GERMANY', 'LEIPZIG', 'Leipzig Halle'),
('MUC', 'EDDM', 'GERMANY', 'MUNICH', null),
('STR', 'EDDS', 'GERMANY', 'STUTTGART', null),
('TXL', 'EDDT', 'GERMANY', 'TEGEL', 'Berlin Tegel'),
('ACC', 'DGAA', 'GHANA', 'ACCRA', null),
('ATH', 'LGAV', 'GREECE', 'ATHENS', null),
('CKY', 'GUCY', 'GUINEA', 'CONAKRY', null),
('AMS', 'EHAM', 'HOLLAND', 'AMSTERDAM', 'Amsterdam Schiphol'),
('BOM', 'VABB', 'India', 'MUMBAI', null),
('TLV', 'LLBG', 'ISRAEL', 'TEL AVIV', 'Ben Gurion'),
('MXP', 'LIMC', 'ITALY', 'MILAN', 'MALPENSA'),
('NBO', 'HKJK', 'KENYA', 'NAIROBI', null),
('KWI', 'OKBK', 'KUWAIT', 'KUWAIT', null),
('BEY', 'OLBA', 'LEBANON', 'BEIRUT', null),
('BKO', 'GABS', 'MALI', 'BAMAKO', null),
('ABV', 'DNAA', 'NIGERIA', 'ABUJA', 'Nnamdi Azikiwe'),
('KAN', 'DNKN', 'NIGERIA', 'KANO', null),
('LOS', 'DNMM', 'NIGERIA', 'LAGOS', 'Murtala Muhammed'),
('KTW', 'EPKT', 'POLAND', 'KATOWICE', null),
('AHB', 'OEAB', 'SAUDI ARABIA', 'ABHA', null),
('ABT', 'OEBA', 'SAUDI ARABIA', 'AL-BAHA', null),
('HOF', 'OEAA', 'SAUDI ARABIA', 'AL-HOFUF', 'AL-AHSA'),
('AJF', 'OESK', 'SAUDI ARABIA', 'AL-JAWF', null),
('DMM', 'OEDF', 'SAUDI ARABIA', 'DAMMAM', null),
('ELQ', 'OEGS', 'SAUDI ARABIA', 'EL-QASSIM', 'BURAIDAH'),
('GIZ', 'OEGN', 'SAUDI ARABIA', 'GIZAN', null),
('HAS', 'OEHL', 'SAUDI ARABIA', 'HA IL', null),
('JED', 'OEJN', 'SAUDI ARABIA', 'JEDDAH', null),
('MED', 'OEMA', 'SAUDI ARABIA', 'MEDINA', null),
('RUH', 'OERK', 'SAUDI ARABIA', 'RIYADH', null),
('TUU', 'OETB', 'SAUDI ARABIA', 'TABUK', null),
('TIF', 'OETF', 'SAUDI ARABIA', 'TA IF', null),
('YNB', 'OEYN', 'SAUDI ARABIA', 'YANBU', null),
('BEG', 'LYBE', 'SERBIA', 'BELGRADE', 'Belgrade Nikola Tesla'),
('INI', 'LYNI', 'SERBIA', 'COSTANTINE', null),
('JUB', 'HSSJ', 'SOUTH SUDAN', 'JUBA', null),
('KRT', 'HSSS', 'SUDAN', 'KHARTOUM', null),
('UYL', 'HSNL', 'SUDAN', 'NYALA', 'South Darfur'),
('DAR', 'HTDA', 'Tanzania ', 'DAR ES SALAAM', null),
('ESB', 'LTAC', 'TURKEY', 'Ankara', 'Esenboga International'),
('IST', 'LTBA', 'TURKEY', 'ISTANBUL', 'Istanbul Ataturk'),
('LHR', 'EGLL', 'UNITED KINGDOM', 'LONDON', 'Heathrow');
select * from Airport

insert into Spanner
values
('88373', '3747', 'AirbusProduction', 'Ahmed', 'AbdAllah', 'Mohamed', 'LastName',	'M', null, '1234', null, null, null, null, 1, 0, 'Str_Repair6000', 1),
('88380', 'LicN', 'AirbusProduction', 'Ahmed', 'AbdEl-Moneem', 'Ali', 'LastName', 'M', null, '1234', null, null, null, null, 1,	0, 'Str_Repair6000', 1),
('81458', '3125', 'AirbusProduction', 'Ahmed', 'Galal', 'Ahmed', 'Rezk', 'M', null,	'1234',	null, null,	null, null,	1, 0, 'Production8000',	2),
('81465', '3161', 'AirbusProduction', 'Ahmed', 'Mohamed', 'M2Name', 'Hamed', 'M', null, '1234', null, null, null, null, 1, 0, 'Production8000', 1),
('64923', '2371', 'AirbusProduction', 'Ahmed', 'Samir', 'Ibrahim', 'LastName', 'M', null,	'1234',	null, null,	null, null,	1, 0, 'Production8000',	1),
('44687', '3572', 'AirbusProduction', 'Alaa', 'Mahmoud', 'M2Name', 'Zahir', 'M', null, '1234', null, null, null, null, 1, 0, 'Production6000', 1),
('20071', '2239', 'AirbusProduction', 'Ali', 'AbdEl-Fatah', 'Ali', 'LastName', 'M', null, '1234', null, null, null, null, 1, 0, 'Production6000', 1),
('81537', '3090', 'AirbusProduction', 'Ali', 'Taha', 'Mohamed', 'LastName', 'M', null, '1234', null, null, null, null, 1, 0, 'Borescope', 1),
('64650', '2327', 'AirbusProduction', 'Amr', 'Mostafa',	'Mohamed', 'Khalfalla', 'M', null, '1234', null, null, null, null, 1, 0, 'Production8000', 1),
('44652', '3400', 'AirbusProduction', 'Ashraf', 'Mohamed', 'Ahmed',	'Rashad', 'M', null, '1234', null, null, null, null, 1, 0, 'Str_Repair8000', 1),
('81471', '3071', 'AirbusProduction', 'Badry', 'Mohamed', 'M2Name', 'Badry', 'M', null, '1234', null, null, null, null, 1, 0, 'Production6000', 1),
('42972', '3067', 'AirbusProduction', 'Diaa', 'Mohamed', 'Ahmed', 'Al-Maiah', 'M', null,	'1234',	null, null,	null, null,	1, 0, 'Production6000', 1),
('81482', '3116', 'AirbusProduction', 'Hany', 'AbdEl-Aziz', 'AbdEl-Aleem', 'Alaam', 'M', null,	'1234',	null, null,	null, null,	1, 0, 'Production8000', 1),
('87113', '2904', 'AirbusProduction', 'Hassan', 'Mohamed', 'M2Name', 'Samy', 'M', null,	'1234',	null, null,	null, null,	1, 0, 'Production6000', 1),
('18504', '2621', 'AirbusProduction', 'Hosam', 'AbdEl-Ghafor', 'M2Name', 'LastName', 'M', null,	'1234',	null, null,	null, null,	1, 0, 'Production8000', 1),
('86960', '2840', 'AirbusProduction', 'Mahmoud', 'Sharaf', 'M2Name', 'Khedry', 'M', null,	'1234',	null, null,	null, null,	1, 0, 'Production6000', 1),
('81483', '3118', 'AirbusProduction', 'Mina', 'Fuaad', 'Haleem', 'Labib', 'M', null,	'1234',	null, null,	null, null,	1, 0, 'Production8000', 1),
('88372', '3551', 'AirbusProduction', 'Mohamed', 'AbdEl-Salam',	'M2Name', 'Manqula', 'M', null,	'1234',	null, null,	null, null,	1, 0, 'Borescope', 1),
('82978', '3272', 'AirbusProduction', 'Mohamed', 'AbdEl-Wahab',	'El-Sayed', 'LastName', 'M', null,	'1234',	null, null,	null, null,	1, 0, 'Quality Control', 1),
('67817', '2783', 'AirbusProduction', 'Mohamed', 'Ahmed', 'M2Name',	'Al-Bendary', 'M', null, '1234', null, null, null, null, 1, 0, 'NDT', 1),
('64689', '2382', 'AirbusProduction', 'Mohamed', 'Atia', 'M2Name', 'El-Roby', 'M', null, '1234', null, null, null, null, 1, 0, 'Production8000', 3),
('66419', '2468', 'AirbusProduction', 'Mohamed', 'El-Sayed', 'Emam', 'LastName', 'M', null,	'1234',	null, null,	null, null,	1, 0, 'Production8000', 1),
('88368', '3397', 'AirbusProduction', 'Mohamed', 'El-Sayed', 'Mahmoud',	'Ali', 'M', null, '1234', null, null, null, null, 1, 0, 'Str_Repair6000', 1),
('67837', '2685', 'AirbusProduction', 'Mohamed', 'Hussin', 'Emam', 'LastName', 'M', null, '1234', null, null, null, null, 1, 0, 'Production8000', 1),
('83007', '3064', 'AirbusProduction', 'Mohamed', 'Ibrahim',	'Mohamed', 'LastName', 'M', null, '1234', null, null, null, null, 1, 0, 'Production8000', 1),
('67846', '2778', 'AirbusProduction', 'Mohamed', 'Mohamed', 'Salem', 'LastName', 'M', null,	'1234',	null, null,	null, null,	1, 0, 'NDT', 1),
('44661', '3380', 'AirbusProduction', 'Mostafa', 'Ahmed', 'Neamat-Allah', 'LastName', 'M', null,	'1234',	null, null,	null, null,	1, 0, 'Str_Repair8000', 1),
('81452', '3095', 'AirbusProduction', 'Osman', 'AbdEl-Hameed', 'M2Name', 'LastName', 'M', null,	'1234',	null, null,	null, null,	1, 0, 'Production8000', 1),
('86972', '2763', 'AirbusProduction', 'Peter', 'Nabil', 'Moris', 'LastName', 'M', null,	'1234',	null, null,	null, null,	1, 0, 'Production8000', 1),
('44726', '3531', 'AirbusProduction', 'Ramy', 'Kamal', 'AbdEl-Azim', 'LastName', 'M', null,	'1234',	null, null,	null, null,	1, 0, 'Production7000', 1),
('81470', '3087', 'AirbusProduction', 'Saad', 'Fathy', 'Mohamed', 'Ahmed', 'M', null, '1234', null, null, null, null, 1, 0, 'Production8000', 1),
('86971', '3061', 'AirbusProduction', 'ShehabEl-Deen', 'M1Name', 'M2Name','Ahmed', 'M', null, '1234', null, null, null, null, 1, 0, 'Production8000', 1),
('44674', '3494', 'AirbusProduction', 'Tariq', 'El-Sayed', 'M2Name', 'Ata', 'M', null, '1234', null, null, null, null, 1, 0, 'Production8000', 1),
('81710', '3151', 'AirbusProduction', 'Yousif', 'Mahmoud', 'M2Name', 'Zydan', 'M', null, '1234', null, null, null, null, 1, 0, 'Production6000', 3),
('88260', '3637', 'AirbusProduction', 'Islam', 'M1Name', 'M2Name', 'Abo-ElKassem', 'M', null, '1234', null, null, null, null, 1, 0, 'Production8000', 3);
select * from Spanner

insert into InActivePeriod
values
('64923', '20170101', '20170601'),
('67837', '20170101', '20170201'),
('81452', '20170101', '20170501'),
('81465', '20170101', '20170415'),
('81482', '20170101', '20170714'),
('64689', '20170101', '20171230'),
('83007', '20170525', '20170624'),
('81471', '20170501', '20170630'),
('87113', '20170101', '20170801'),
('44726', '20170415', '20171230'),
('67846', '20170101', '20170725'),
('88368', '20170401', '20170630'),
('86972', '20170315', '20170515'),
('82978', '20170101', '20170623'),
('81458', '20170101', '20170620'),
('86960', '20170101', '20170301'),
('88380', '20170101', '20170419'),
('88373', '20170401', '20170630'),
('81710', '20170501', '20170615'),
('64650', '20170208', '20170308'),
('66419', '20170826', '20170920'),
('67837', '20170709', '20171130'),
('88372', '20170101', '20170729'),
('81452', '20170805', '20170818'),
('81470', '20170905', '20171104'),
('67817', '20171016', '20171216'),
('81710', '20170924', '20171112'),
('44687', '20171105', '20171230'),
('88380', '20171105', '20171230'),
('44652', '20171027', '20171230'),
('81471', '20171105', '20171230'),
('18504', '20171017', '20171230'),
('86960', '20171101', '20171230'),
('67846', '20171120', '20171220'),
('44674', '20171119', '20171212'),
('88368', '20171125', '20171230');
select * from InActivePeriod

insert into Approval
values
('88373', 3, 1),
('88380', 3, 1),
('81458', 7, 1),
('81458', 7, 2),
('81465', 3, 1),
('81465', 3, 2),
('81465', 3, 3),
('81465', 3, 4),
('64923', 3, 1),
('64923', 3, 2),
('64923', 3, 3),
('64923', 3, 4),
('64923', 3, 7),
('44687', 3, 1),
('44687', 3, 2),
('20071', 3, 1),
('20071', 3, 2),
('81537', 3, 1),
('81537', 3, 2),
('81537', 3, 3),
('81537', 3, 4),
('81537', 3, 7),
('64650', 3, 1),
('64650', 3, 2),
('64650', 3, 3),
('64650', 3, 4),
('64650', 3, 7),
('44652', 3, 1),
('81471', 3, 1),
('81471', 3, 2),
('42972', 3, 1),
('42972', 3, 2),
('81482', 3, 1),
('81482', 3, 2),
('81482', 3, 3),
('81482', 3, 4),
('81482', 3, 7),
('87113', 3, 1),
('87113', 3, 2),
('87113', 3, 3),
('87113', 3, 4),
('18504', 3, 1),
('18504', 3, 2),
('18504', 3, 3),
('86960', 3, 1),
('86960', 3, 2),
('81483', 3, 1),
('81483', 3, 2),
('81483', 3, 3),
('81483', 3, 4),
('81483', 3, 7),
('88372', 3, 1),
('88372', 3, 2),
('82978', 3, 1),
('82978', 3, 2),
('82978', 3, 7),
('67817', 3, 1),
('67817', 3, 2),
('64689', 7, 1),
('64689', 7, 2),
('64689', 7, 3),
('64689', 7, 4),
('64689', 7, 7),
('66419', 3, 1),
('66419', 3, 2),
('66419', 3, 3),
('66419', 3, 4),
('88368', 3, 1),
('67837', 3, 1),
('67837', 3, 2),
('67837', 3, 3),
('67837', 3, 4),
('83007', 3, 1),
('83007', 3, 2),
('83007', 3, 3),
('83007', 3, 4),
('83007', 3, 7),
('67846', 3, 1),
('67846', 3, 2),
('67846', 3, 3),
('67846', 3, 4),
('67846', 3, 7),
('44661', 3, 1),
('81452', 3, 1),
('81452', 3, 2),
('81452', 3, 3),
('81452', 3, 4),
('86972', 3, 1),
('86972', 3, 2),
('86972', 3, 3),
('86972', 3, 4),
('44726', 3, 1),
('44726', 3, 2),
('81470', 3, 1),
('81470', 3, 2),
('81470', 3, 3),
('81470', 3, 4),
('86971', 3, 1),
('86971', 3, 2),
('86971', 3, 3),
('86971', 3, 4),
('44674', 3, 1),
('44674', 3, 2),
('44674', 3, 3),
('44674', 3, 4),
('81710', 7, 1),
('81710', 7, 2),
('88260', 7, 1),
('88260', 7, 2);
select * from Approval

insert into FlightData
values
('CAI', 'AHB', '02:40', 0, 0, 0, 0),
('CAI', 'ABV', '05:05', 0, 0, 0, 0),
('CAI', 'ACC', '06:00', 0, 0, 0, 0),
('CAI', 'HBE', '00:45', 0, 0, 0, 0),
('CAI', 'ALG', '04:00', 0, 0, 0, 0),
('CAI', 'HOF', '02:50', 0, 0, 0, 0),
('CAI', 'AJF', '01:45', 0, 0, 0, 0),
('CAI', 'AMS', '04:50', 0, 0, 0, 0),
('CAI', 'ASM', '02:50', 0, 0, 0, 0),
('CAI', 'ASW', '01:25', 0, 1, 0, 0),
('CAI', 'BAH', '02:40', 0, 0, 0, 0),
('CAI', 'BKO', '07:15', 0, 0, 0, 0),
('CAI', 'BGF', '04:50', 0, 0, 0, 0),
('CAI', 'BEY', '01:20', 0, 0, 0, 0),
('CAI', 'BOM', '07:00', 0, 0, 0, 0),
('CAI', 'SXF', '04:20', 0, 0, 0, 0),
('HRG', 'BLL', '05:10', 0, 0, 0, 0),
('CAI', 'BRU', '05:15', 0, 0, 0, 0),
('CAI', 'INI', '03:00', 0, 0, 0, 0),
('CAI', 'DMM', '02:35', 0, 0, 0, 0),
('CAI', 'DAR', '05:30', 0, 0, 0, 0),
('HRG', 'DUS', '05:05', 0, 0, 0, 0),
('CAI', 'ELQ', '02:00', 0, 0, 0, 0),
('CAI', 'FRA', '04:45', 0, 0, 0, 0),
('HRG', 'HAJ', '00:00', 0, 0, 0, 0),
('CAI', 'HRG', '01:05', 0, 0, 0, 0),
('CAI', 'IST', '02:15', 0, 0, 0, 0),
('CAI', 'JED', '02:10', 0, 0, 0, 0),
('CAI', 'JUB', '04:00', 0, 0, 0, 0),
('CAI', 'KAN', '05:00', 0, 0, 0, 0),
('HRG', 'KTW', '00:00', 0, 0, 0, 0),
('CAI', 'KRT', '02:30', 0, 0, 0, 0),
('CAI', 'KWI', '02:45', 0, 0, 0, 0),
('CAI', 'LHR', '05:25', 0, 0, 0, 0),
('CAI', 'LOS', '05:40', 0, 0, 0, 0),
('HRG', 'LNZ', '00:00', 0, 0, 0, 0),
('CAI', 'LXR', '01:10', 0, 1, 0, 0),
('CAI', 'RMF', '01:25', 0, 1, 0, 0),
('CAI', 'MED', '02:00', 0, 0, 0, 0),
('CAI', 'MXP', '04:05', 0, 0, 0, 0),
('CAI', 'MUC', '04:00', 0, 0, 0, 0),
('CAI', 'NBO', '04:20', 0, 0, 0, 0),
('CAI', 'NDJ', '04:00', 0, 0, 0, 0),
('CAI', 'UYL', '03:10', 0, 0, 0, 0),
('CAI', 'CDG', '04:50', 0, 0, 0, 0),
('HRG', 'PRG', '00:00', 0, 0, 0, 0),
('CAI', 'RUH', '02:30', 0, 0, 0, 0),
('HRG', 'SZG', '00:00', 0, 0, 0, 0),
('CAI', 'SSH', '01:00', 0, 1, 0, 0),
('CAI', 'HMB', '01:00', 0, 1, 0, 0),
('CAI', 'TIF', '02:20', 0, 0, 0, 0),
('CAI', 'TLV', '01:25', 0, 0, 0, 0),
('CAI', 'YNB', '01:50', 0, 0, 0, 0),
('HMB', 'HOF', '02:00', 0, 0, 0, 0),
('HMB', 'YNB', '02:00', 0, 0, 0, 0),
('HBE', 'DUS', '05:30', 0, 0, 0, 0),
('HBE', 'YNB', '02:30', 0, 0, 0, 0),
('HRG', 'ATH', '05:00', 0, 0, 0, 0),
('HRG', 'BEG', '00:00', 0, 0, 0, 0),
('HRG', 'CGN', '00:00', 0, 0, 0, 0),
('HRG', 'FRA', '00:00', 0, 0, 0, 0),
('HRG', 'GRZ', '00:00', 0, 0, 0, 0),
('HRG', 'LEJ', '00:00', 0, 0, 0, 0),
('HRG', 'STR', '00:00', 0, 0, 0, 0),
('HRG', 'TXL', '00:00', 0, 0, 0, 0),
('RMF', 'CGN', '00:00', 0, 0, 0, 0),
('RMF', 'DUS', '00:00', 0, 0, 0, 0),
('RMF', 'GRZ', '00:00', 0, 0, 0, 0),
('RMF', 'LNZ', '00:00', 0, 0, 0, 0),
('RMF', 'PRG', '00:00', 0, 0, 0, 0),
('SSH', 'YNB', '00:00', 0, 0, 0, 0);
select * from FlightData

insert into FlightRecord
values
('20170422', '00:00', '20170422', '00:00', 1, 0, 57, 2, 15, 2, 'AirCairo', 'DistantCity', 'Normal', 'Direct'),
('20170711', '00:00', '20170711', '00:00', 1, 0, 58, 2, 4, 2, 'AirCairo', 'DistantCity', 'Normal', 'Direct'),
('20170526', '00:00', '20170526', '00:00', 1, 0, 59, 2, 100, 2, 'AirCairo', 'DistantCity', 'Normal', 'Direct'),
('20170628', '00:00', '20170628', '00:00', 1, 0, 60, 2, 100, 2, 'AirCairo', 'DistantCity', 'Apology', 'Direct'),
('20170721', '00:00', '20170721', '00:00', 1, 0, 16, 2, 23, 2, 'AirCairo', 'DistantCity', 'Normal', 'Direct'),
('20170818', '00:00', '20170818', '00:00', 1, 0, 16, 2, 19, 2, 'AirCairo', 'DistantCity', 'Apology', 'Direct'),
('20170818', '00:00', '20170818', '00:00', 1, 0, 16, 2, 52, 2, 'AirCairo', 'DistantCity', 'Normal', 'Direct'),
('20170901', '00:00', '20170901', '00:00', 1, 0, 16, 2, 47, 2, 'AirCairo', 'DistantCity', 'Normal', 'Direct'),
('20171020', '00:00', '20171020', '00:00', 1, 0, 16, 2, 104, 2, 'AirCairo', 'DistantCity', 'Normal', 'Direct'),
('20170416', '00:00', '20170416', '00:00', 1, 0, 61, 2, 17, 2, 'AirCairo', 'DistantCity', 'Normal', 'Direct'),
('20171029', '00:00', '20171029', '00:00', 1, 0, 61, 2, 45, 2, 'AirCairo', 'DistantCity', 'Normal', 'Direct'),
('20170527', '00:00', '20170527', '00:00', 1, 0, 21, 2, 47, 2, 'AirCairo', 'DistantCity', 'Normal', 'Direct'),
('20170603', '00:00', '20170603', '00:00', 1, 0, 21, 2, 17, 2, 'AirCairo', 'DistantCity', 'Normal', 'Direct'),
('20170610', '00:00', '20170610', '00:00', 1, 0, 21, 2, 17, 2, 'AirCairo', 'DistantCity', 'Normal', 'Direct'),
('20170722', '00:00', '20170722', '00:00', 1, 0, 21, 2, 23, 2, 'AirCairo', 'DistantCity', 'Normal', 'Direct'),
('20170729', '00:00', '20170729', '00:00', 1, 0, 21, 2, 104, 2, 'AirCairo', 'DistantCity', 'Normal', 'Direct'),
('20171021', '00:00', '20171021', '00:00', 1, 0, 21, 2, 17, 2, 'AirCairo', 'DistantCity', 'Normal', 'Direct'),
('20171105', '00:00', '20171105', '00:00', 1, 0, 21, 2, 4, 2, 'AirCairo', 'DistantCity', 'Normal', 'Direct'),
('20171007', '00:00', '20171007', '00:00', 1, 0, 62, 2, 17, 2, 'AirCairo', 'DistantCity', 'Bonus', 'Direct'),
('20171007', '00:00', '20171007', '00:00', 1, 0, 62, 2, 17, 2, 'AirCairo', 'DistantCity', 'Bonus', 'Direct'),
('20171117', '00:00', '20171117', '00:00', 1, 0, 63, 2, 4, 2, 'AirCairo', 'DistantCity', 'Normal', 'Direct'),
('20171117', '00:00', '20171117', '00:00', 1, 0, 63, 2, 52, 2, 'AirCairo', 'DistantCity', 'Apology', 'Direct'),
('20170618', '00:00', '20170618', '00:00', 1, 0, 24, 2, 104, 2, 'AirCairo', 'DistantCity', 'Normal', 'Direct'),
('20170707', '00:00', '20170707', '00:00', 1, 0, 24, 2, 100, 2, 'AirCairo', 'DistantCity', 'Normal', 'Direct'),
('20170804', '00:00', '20170804', '00:00', 1, 0, 24, 2, 100, 2, 'AirCairo', 'DistantCity', 'Normal', 'Direct'),
('20171007', '00:00', '20171007', '00:00', 1, 0, 64, 2, 17, 2, 'AirCairo', 'DistantCity', 'Bonus', 'Direct'),
('20170421', '00:00', '20170421', '00:00', 1, 0, 34, 2, 23, 2, 'AirCairo', 'DistantCity', 'Normal', 'Direct'),
('20170617', '00:00', '20170617', '00:00', 1, 0, 44, 2, 17, 2, 'AirCairo', 'DistantCity', 'Normal', 'Direct'),
('20170624', '00:00', '20170624', '00:00', 1, 0, 44, 2, 86, 2, 'AirCairo', 'DistantCity', 'Normal', 'Direct'),
('20170628', '00:00', '20170628', '00:00', 1, 0, 65, 2, 54, 2, 'AirCairo', 'DistantCity', 'Normal', 'Direct'),
('20170712', '00:00', '20170712', '00:00', 1, 0, 65, 2, 82, 2, 'AirCairo', 'DistantCity', 'Apology', 'Direct'),
('20170712', '00:00', '20170712', '00:00', 1, 0, 65, 2, 6, 2, 'AirCairo', 'DistantCity', 'Normal', 'Direct'),
('20170720', '00:00', '20170720', '00:00', 1, 0, 65, 2, 57, 2, 'AirCairo', 'DistantCity', 'Normal', 'Direct'),
('20170729', '00:00', '20170729', '00:00', 1, 0, 65, 2, 31, 2, 'AirCairo', 'DistantCity', 'Normal', 'Direct'),
('20170729', '00:00', '20170729', '00:00', 1, 0, 65, 2, 15, 2, 'AirCairo', 'DistantCity', 'Apology', 'Direct'),
('20170623', '00:00', '20170623', '00:00', 1, 0, 46, 2, 4, 2, 'AirCairo', 'DistantCity', 'Normal', 'Direct'),
('20171007', '00:00', '20171007', '00:00', 1, 0, 66, 2, 17, 2, 'AirCairo', 'DistantCity', 'Bonus', 'Direct'),
('20171103', '00:00', '20171103', '00:00', 1, 0, 67, 2, 77, 2, 'AirCairo', 'DistantCity', 'Normal', 'Direct'),
('20170416', '00:00', '20170416', '00:00', 1, 0, 68, 2, 31, 2, 'AirCairo', 'DistantCity', 'Normal', 'Direct'),
('20170416', '00:00', '20170416', '00:00', 1, 0, 68, 2, 31, 2, 'AirCairo', 'DistantCity', 'Normal', 'Direct'),
('20170714', '00:00', '20170714', '00:00', 1, 0, 68, 2, 63, 2, 'AirCairo', 'DistantCity', 'Normal', 'Direct'),
('20170811', '00:00', '20170811', '00:00', 1, 0, 68, 2, 45, 2, 'AirCairo', 'DistantCity', 'Normal', 'Direct'),
('20171006', '00:00', '20171006', '00:00', 1, 0, 68, 2, 31, 2, 'AirCairo', 'DistantCity', 'Normal', 'Direct'),
('20171103', '00:00', '20171103', '00:00', 1, 0, 69, 2, 77, 2, 'AirCairo', 'DistantCity', 'Normal', 'Direct'),
('20170714', '00:00', '20170714', '00:00', 1, 0, 70, 2, 63, 2, 'AirCairo', 'DistantCity', 'Normal', 'Direct'),
('20170811', '00:00', '20170811', '00:00', 1, 0, 70, 2, 45, 2, 'AirCairo', 'DistantCity', 'Normal', 'Direct'),
('20170907', '00:00', '20170907', '00:00', 1, 0, 70, 2, 100, 2, 'AirCairo', 'DistantCity', 'Apology', 'Direct'),
('20170503', '00:00', '20170503', '00:00', 1, 0, 71, 2, 104, 2, 'AirCairo', 'DistantCity', 'Normal', 'Direct'),
('20170503', '00:00', '20170503', '00:00', 1, 0, 71, 2, 104, 2, 'AirCairo', 'DistantCity', 'Normal', 'Direct'),
('20171006', '00:00', '20171006', '00:00', 1, 0, 71, 2, 31, 2, 'AirCairo', 'DistantCity', 'Normal', 'Direct'),
('20171103', '00:00', '20171103', '00:00', 1, 0, 71, 2, 77, 2, 'AirCairo', 'DistantCity', 'Normal', 'Direct'),
('20170622', '00:00', '20170622', '00:00', 1, 0, 72, 2, 17, 2, 'AirCairo', 'DistantCity', 'Normal', 'Direct'),
('20170626', '00:00', '20170626', '00:00', 1, 0, 72, 2, 86, 2, 'AirCairo', 'DistantCity', 'Normal', 'Direct'),
('20171210', '00:00', '20171210', '00:00', 1, 0, 2, 3, 24, 2, 'EgyptAir', 'StayCity', 'Normal', 'Direct'),
('20170107', '00:00', '20170107', '00:00', 1, 0, 1, 1, 80, 2, 'EgyptAir', 'StayCity', 'Normal', 'Direct'),
('20170113', '00:00', '20170113', '00:00', 1, 0, 1, 1, 103, 2, 'EgyptAir', 'StayCity', 'Normal', 'Direct'),
('20170115', '00:00', '20170115', '00:00', 1, 0, 1, 1, 41, 2, 'EgyptAir', 'StayCity', 'Normal', 'Direct'),
('20170121', '00:00', '20170121', '00:00', 1, 0, 1, 1, 62, 2, 'EgyptAir', 'StayCity', 'Normal', 'Direct'),
('20170126', '00:00', '20170126', '00:00', 1, 0, 1, 1, 30, 2, 'EgyptAir', 'StayCity', 'Normal', 'Direct'),
('20170128', '00:00', '20170128', '00:00', 1, 0, 1, 1, 103, 2, 'EgyptAir', 'StayCity', 'Normal', 'Direct'),
('20170129', '00:00', '20170129', '00:00', 1, 0, 1, 1, 80, 2, 'EgyptAir', 'StayCity', 'Normal', 'Direct'),
('20170204', '00:00', '20170204', '00:00', 1, 0, 1, 1, 27, 2, 'EgyptAir', 'StayCity', 'Normal', 'Direct'),
('20170205', '00:00', '20170205', '00:00', 1, 0, 1, 1, 1, 2, 'EgyptAir', 'StayCity', 'Normal', 'Direct'),
('20170209', '00:00', '20170209', '00:00', 1, 0, 1, 1, 99, 2, 'EgyptAir', 'StayCity', 'Normal', 'Direct'),
('20170216', '00:00', '20170216', '00:00', 1, 0, 1, 1, 95, 2, 'EgyptAir', 'StayCity', 'Normal', 'Direct'),
('20170217', '00:00', '20170217', '00:00', 1, 0, 1, 1, 80, 2, 'EgyptAir', 'StayCity', 'Normal', 'Direct'),
('20170223', '00:00', '20170223', '00:00', 1, 0, 1, 1, 56, 2, 'EgyptAir', 'StayCity', 'Normal', 'Direct'),
('20170305', '00:00', '20170305', '00:00', 1, 0, 1, 1, 46, 2, 'EgyptAir', 'StayCity', 'Normal', 'Direct'),
('20170308', '00:00', '20170308', '00:00', 1, 0, 1, 1, 18, 2, 'EgyptAir', 'StayCity', 'Normal', 'Direct'),
('20170316', '00:00', '20170316', '00:00', 1, 0, 1, 1, 99, 2, 'EgyptAir', 'StayCity', 'Normal', 'Direct'),
('20170319', '00:00', '20170319', '00:00', 1, 0, 1, 1, 41, 2, 'EgyptAir', 'StayCity', 'Normal', 'Direct'),
('20170326', '00:00', '20170326', '00:00', 1, 0, 1, 1, 71, 2, 'EgyptAir', 'StayCity', 'Normal', 'Direct'),
('20170401', '00:00', '20170401', '00:00', 1, 0, 1, 1, 80, 2, 'EgyptAir', 'StayCity', 'Normal', 'Direct'),
('20170402', '00:00', '20170402', '00:00', 1, 0, 1, 1, 67, 2, 'EgyptAir', 'StayCity', 'Normal', 'Direct'),
('20170415', '00:00', '20170415', '00:00', 1, 0, 1, 1, 16, 2, 'EgyptAir', 'StayCity', 'Normal', 'Direct'),
('20170422', '00:00', '20170422', '00:00', 1, 0, 1, 1, 2, 2, 'EgyptAir', 'StayCity', 'Normal', 'Direct'),
('20170428', '00:00', '20170428', '00:00', 1, 0, 1, 1, 27, 2, 'EgyptAir', 'StayCity', 'Normal', 'Direct'),
('20170429', '00:00', '20170429', '00:00', 1, 0, 1, 1, 14, 2, 'EgyptAir', 'StayCity', 'Normal', 'Direct'),
('20170504', '00:00', '20170504', '00:00', 1, 0, 1, 1, 62, 2, 'EgyptAir', 'StayCity', 'Normal', 'Direct'),
('20170505', '00:00', '20170505', '00:00', 1, 0, 1, 1, 46, 2, 'EgyptAir', 'StayCity', 'Normal', 'Direct'),
('20170506', '00:00', '20170506', '00:00', 1, 0, 1, 1, 27, 2, 'EgyptAir', 'StayCity', 'Normal', 'Direct'),
('20170514', '00:00', '20170514', '00:00', 1, 0, 1, 1, 30, 2, 'EgyptAir', 'StayCity', 'Normal', 'Direct'),
('20170516', '00:00', '20170516', '00:00', 1, 0, 1, 1, 62, 2, 'EgyptAir', 'StayCity', 'Normal', 'Direct'),
('20170517', '00:00', '20170517', '00:00', 1, 0, 1, 1, 56, 2, 'EgyptAir', 'StayCity', 'Normal', 'Direct'),
('20170526', '00:00', '20170526', '00:00', 1, 0, 1, 1, 27, 2, 'EgyptAir', 'StayCity', 'Normal', 'Direct'),
('20170527', '00:00', '20170527', '00:00', 1, 0, 1, 1, 99, 2, 'EgyptAir', 'StayCity', 'Normal', 'Direct'),
('20170529', '00:00', '20170529', '00:00', 1, 0, 1, 1, 56, 2, 'EgyptAir', 'StayCity', 'Normal', 'Direct'),
('20170531', '00:00', '20170531', '00:00', 1, 0, 1, 1, 5, 2, 'EgyptAir', 'StayCity', 'Normal', 'Direct'),
('20170601', '00:00', '20170601', '00:00', 1, 0, 1, 1, 99, 2, 'EgyptAir', 'StayCity', 'Normal', 'Direct'),
('20170602', '00:00', '20170602', '00:00', 1, 0, 1, 1, 2, 2, 'EgyptAir', 'StayCity', 'Normal', 'Direct'),
('20170603', '00:00', '20170603', '00:00', 1, 0, 1, 1, 80, 2, 'AirCairo', 'StayCity', 'Normal', 'Direct'),
('20170605', '00:00', '20170605', '00:00', 1, 0, 1, 1, 85, 2, 'EgyptAir', 'StayCity', 'Normal', 'Direct'),
('20170607', '00:00', '20170607', '00:00', 1, 0, 1, 1, 67, 2, 'EgyptAir', 'StayCity', 'Normal', 'Direct'),
('20170613', '00:00', '20170613', '00:00', 1, 0, 1, 1, 56, 2, 'EgyptAir', 'StayCity', 'Normal', 'Direct'),
('20170614', '00:00', '20170614', '00:00', 1, 0, 1, 1, 18, 2, 'EgyptAir', 'StayCity', 'Normal', 'Direct'),
('20170615', '00:00', '20170615', '00:00', 1, 0, 1, 1, 30, 2, 'EgyptAir', 'StayCity', 'Normal', 'Direct'),
('20170617', '00:00', '20170617', '00:00', 1, 0, 1, 1, 46, 2, 'EgyptAir', 'StayCity', 'Normal', 'Direct'),
('20170621', '00:00', '20170621', '00:00', 1, 0, 1, 1, 99, 2, 'EgyptAir', 'StayCity', 'Normal', 'Direct'),
('20170622', '00:00', '20170622', '00:00', 1, 0, 1, 1, 5, 2, 'EgyptAir', 'StayCity', 'Normal', 'Direct'),
('20170624', '00:00', '20170624', '00:00', 1, 0, 1, 1, 53, 2, 'EgyptAir', 'StayCity', 'Normal', 'Direct'),
('20170629', '00:00', '20170629', '00:00', 1, 0, 1, 1, 14, 2, 'EgyptAir', 'StayCity', 'Normal', 'Direct'),
('20170630', '00:00', '20170630', '00:00', 1, 0, 1, 1, 27, 2, 'EgyptAir', 'StayCity', 'Normal', 'Direct'),
('20170702', '00:00', '20170702', '00:00', 1, 0, 1, 1, 44, 2, 'EgyptAir', 'StayCity', 'Normal', 'Direct'),
('20170704', '00:00', '20170704', '00:00', 1, 0, 1, 1, 3, 2, 'EgyptAir', 'StayCity', 'Normal', 'Direct'),
('20170706', '00:00', '20170706', '00:00', 1, 0, 1, 1, 80, 2, 'EgyptAir', 'StayCity', 'Normal', 'Direct'),
('20170709', '00:00', '20170709', '00:00', 1, 0, 1, 1, 5, 2, 'EgyptAir', 'StayCity', 'Normal', 'Direct'),
('20170710', '00:00', '20170710', '00:00', 1, 0, 1, 1, 28, 2, 'EgyptAir', 'StayCity', 'Normal', 'Direct'),
('20170713', '00:00', '20170713', '00:00', 1, 0, 1, 1, 14, 2, 'EgyptAir', 'StayCity', 'Normal', 'Direct'),
('20170716', '00:00', '20170716', '00:00', 1, 0, 1, 1, 81, 2, 'EgyptAir', 'StayCity', 'Normal', 'Direct'),
('20170719', '00:00', '20170719', '00:00', 1, 0, 1, 1, 85, 2, 'EgyptAir', 'StayCity', 'Normal', 'Direct'),
('20170721', '00:00', '20170721', '00:00', 1, 0, 1, 1, 66, 2, 'EgyptAir', 'StayCity', 'Apology', 'Direct'),
('20170721', '00:00', '20170721', '00:00', 1, 0, 1, 1, 1, 2, 'EgyptAir', 'StayCity', 'Normal', 'Direct'),
('20170726', '00:00', '20170726', '00:00', 1, 0, 1, 1, 71, 2, 'EgyptAir', 'StayCity', 'Normal', 'Direct'),
('20170802', '00:00', '20170802', '00:00', 1, 0, 1, 1, 22, 2, 'EgyptAir', 'StayCity', 'Normal', 'Direct'),
('20170802', '00:00', '20170802', '00:00', 1, 0, 1, 1, 56, 2, 'EgyptAir', 'StayCity', 'Apology', 'Direct'),
('20170803', '00:00', '20170803', '00:00', 1, 0, 1, 1, 103, 2, 'EgyptAir', 'StayCity', 'Normal', 'Direct'),
('20170804', '00:00', '20170804', '00:00', 1, 0, 1, 1, 80, 2, 'EgyptAir', 'StayCity', 'Normal', 'Direct'),
('20170807', '00:00', '20170807', '00:00', 1, 0, 1, 1, 1, 2, 'EgyptAir', 'StayCity', 'Normal', 'Direct'),
('20170809', '00:00', '20170809', '00:00', 1, 0, 1, 1, 66, 2, 'EgyptAir', 'StayCity', 'Normal', 'Direct'),
('20170811', '00:00', '20170811', '00:00', 1, 0, 1, 1, 2, 2, 'EgyptAir', 'StayCity', 'Normal', 'Direct'),
('20170812', '00:00', '20170812', '00:00', 1, 0, 1, 1, 85, 2, 'EgyptAir', 'StayCity', 'Normal', 'Direct'),
('20170817', '00:00', '20170817', '00:00', 1, 0, 1, 1, 3, 2, 'EgyptAir', 'StayCity', 'Normal', 'Direct'),
('20170819', '00:00', '20170819', '00:00', 1, 0, 1, 1, 2, 2, 'EgyptAir', 'StayCity', 'Normal', 'Direct'),
('20170820', '00:00', '20170820', '00:00', 1, 0, 1, 1, 66, 2, 'EgyptAir', 'StayCity', 'Normal', 'Direct'),
('20170826', '00:00', '20170826', '00:00', 1, 0, 1, 1, 27, 2, 'EgyptAir', 'StayCity', 'Normal', 'Direct'),
('20170828', '00:00', '20170828', '00:00', 1, 0, 1, 1, 28, 2, 'EgyptAir', 'StayCity', 'Normal', 'Direct'),
('20170830', '00:00', '20170830', '00:00', 1, 0, 1, 1, 9, 2, 'EgyptAir', 'StayCity', 'Normal', 'Direct'),
('20170902', '00:00', '20170902', '00:00', 1, 0, 1, 1, 85, 2, 'EgyptAir', 'StayCity', 'Normal', 'Direct'),
('20170905', '00:00', '20170905', '00:00', 1, 0, 1, 1, 1, 2, 'EgyptAir', 'StayCity', 'Normal', 'Direct'),
('20170906', '00:00', '20170906', '00:00', 1, 0, 1, 1, 32, 2, 'EgyptAir', 'StayCity', 'Normal', 'Direct'),
('20170908', '00:00', '20170908', '00:00', 1, 0, 1, 1, 41, 2, 'EgyptAir', 'StayCity', 'Normal', 'Direct'),
('20170909', '00:00', '20170909', '00:00', 1, 0, 1, 1, 80, 2, 'EgyptAir', 'StayCity', 'Normal', 'Direct'),
('20170914', '00:00', '20170914', '00:00', 1, 0, 1, 1, 46, 2, 'EgyptAir', 'StayCity', 'Normal', 'Direct'),
('20170918', '00:00', '20170918', '00:00', 1, 0, 1, 1, 9, 2, 'EgyptAir', 'StayCity', 'Normal', 'Direct'),
('20170922', '00:00', '20170922', '00:00', 1, 0, 1, 1, 5, 2, 'EgyptAir', 'StayCity', 'Normal', 'Direct'),
('20170925', '00:00', '20170925', '00:00', 1, 0, 1, 1, 22, 2, 'EgyptAir', 'StayCity', 'Normal', 'Direct'),
('20170927', '00:00', '20170927', '00:00', 1, 0, 1, 1, 16, 2, 'EgyptAir', 'StayCity', 'Normal', 'Direct'),
('20171004', '00:00', '20171004', '00:00', 1, 0, 1, 1, 80, 2, 'EgyptAir', 'StayCity', 'Normal', 'Direct'),
('20171010', '00:00', '20171010', '00:00', 1, 0, 1, 1, 66, 2, 'EgyptAir', 'StayCity', 'Normal', 'Direct'),
('20171014', '00:00', '20171014', '00:00', 1, 0, 1, 1, 99, 2, 'EgyptAir', 'StayCity', 'Normal', 'Direct'),
('20171017', '00:00', '20171017', '00:00', 1, 0, 1, 1, 9, 2, 'EgyptAir', 'StayCity', 'Normal', 'Direct'),
('20171020', '00:00', '20171020', '00:00', 1, 0, 1, 1, 22, 2, 'EgyptAir', 'StayCity', 'Normal', 'Direct'),
('20171021', '00:00', '20171021', '00:00', 1, 0, 1, 1, 51, 2, 'EgyptAir', 'StayCity', 'Normal', 'Direct'),
('20170518', '00:00', '20170518', '00:00', 1, 0, 7, 1, 14, 2, 'AirCairo', 'StayCity', 'Normal', 'Direct'),
('20170101', '00:00', '20170101', '00:00', 1, 0, 5, 1, 18, 2, 'EgyptAir', 'StayCity', 'Normal', 'Direct'),
('20170104', '00:00', '20170104', '00:00', 1, 0, 5, 1, 85, 2, 'EgyptAir', 'StayCity', 'Normal', 'Direct'),
('20170106', '00:00', '20170106', '00:00', 1, 0, 5, 1, 95, 2, 'EgyptAir', 'StayCity', 'Normal', 'Direct'),
('20170208', '00:00', '20170208', '00:00', 1, 0, 5, 1, 16, 2, 'EgyptAir', 'StayCity', 'Normal', 'Direct'),
('20170309', '00:00', '20170309', '00:00', 1, 0, 5, 1, 27, 2, 'EgyptAir', 'StayCity', 'Normal', 'Direct'),
('20170320', '00:00', '20170320', '00:00', 1, 0, 5, 1, 28, 2, 'EgyptAir', 'StayCity', 'Normal', 'Direct'),
('20170421', '00:00', '20170421', '00:00', 1, 0, 5, 1, 27, 2, 'EgyptAir', 'StayCity', 'Normal', 'Direct'),
('20170428', '00:00', '20170428', '00:00', 1, 0, 5, 1, 80, 2, 'EgyptAir', 'StayCity', 'Normal', 'Direct'),
('20170522', '00:00', '20170522', '00:00', 1, 0, 5, 1, 46, 2, 'EgyptAir', 'StayCity', 'Normal', 'Direct'),
('20170526', '00:00', '20170526', '00:00', 1, 0, 5, 1, 5, 2, 'EgyptAir', 'StayCity', 'Normal', 'Direct'),
('20170527', '00:00', '20170527', '00:00', 1, 0, 5, 1, 85, 2, 'EgyptAir', 'StayCity', 'Normal', 'Direct'),
('20170727', '00:00', '20170727', '00:00', 1, 0, 5, 3, 11, 2, 'EgyptAir', 'StayCity', 'Normal', 'Direct'),
('20170808', '00:00', '20170808', '00:00', 1, 0, 5, 1, 14, 2, 'EgyptAir', 'StayCity', 'Normal', 'Direct'),
('20170822', '00:00', '20170822', '00:00', 1, 0, 5, 1, 56, 2, 'EgyptAir', 'StayCity', 'Normal', 'Direct'),
('20171125', '00:00', '20171125', '00:00', 1, 0, 5, 3, 7, 2, 'EgyptAir', 'StayCity', 'Normal', 'Direct'),
('20171209', '00:00', '20171209', '00:00', 1, 0, 5, 3, 93, 2, 'EgyptAir', 'StayCity', 'Normal', 'Direct'),
('20170423', '00:00', '20170423', '00:00', 1, 0, 8, 3, 20, 2, 'EgyptAir', 'StayCity', 'Normal', 'Direct'),
('20170722', '00:00', '20170722', '00:00', 1, 0, 9, 1, 46, 2, 'EgyptAir', 'StayCity', 'Normal', 'Direct'),
('20170109', '00:00', '20170109', '00:00', 1, 0, 43, 3, 43, 2, 'EgyptAir', 'StayCity', 'Normal', 'Direct'),
('20170115', '00:00', '20170115', '00:00', 1, 0, 43, 4, 65, 2, 'EgyptAir', 'StayCity', 'Normal', 'Direct'),
('20170116', '00:00', '20170116', '00:00', 1, 0, 43, 4, 21, 2, 'EgyptAir', 'StayCity', 'Normal', 'Direct'),
('20170118', '00:00', '20170118', '00:00', 1, 0, 43, 4, 98, 2, 'EgyptAir', 'StayCity', 'Normal', 'Direct'),
('20170122', '00:00', '20170122', '00:00', 1, 0, 43, 4, 94, 2, 'EgyptAir', 'StayCity', 'Normal', 'Direct'),
('20170125', '00:00', '20170125', '00:00', 1, 0, 43, 4, 94, 2, 'EgyptAir', 'StayCity', 'Normal', 'Direct'),
('20170126', '00:00', '20170126', '00:00', 1, 0, 43, 3, 43, 2, 'EgyptAir', 'StayCity', 'Normal', 'Direct'),
('20170203', '00:00', '20170203', '00:00', 1, 0, 43, 4, 98, 2, 'EgyptAir', 'StayCity', 'Normal', 'Direct'),
('20170205', '00:00', '20170205', '00:00', 1, 0, 43, 4, 21, 2, 'EgyptAir', 'StayCity', 'Normal', 'Direct'),
('20170206', '00:00', '20170206', '00:00', 1, 0, 43, 4, 98, 2, 'EgyptAir', 'StayCity', 'Normal', 'Direct'),
('20170212', '00:00', '20170212', '00:00', 1, 0, 43, 4, 21, 2, 'EgyptAir', 'StayCity', 'Normal', 'Direct'),
('20170213', '00:00', '20170213', '00:00', 1, 0, 43, 4, 94, 2, 'EgyptAir', 'StayCity', 'Normal', 'Direct'),
('20170517', '00:00', '20170517', '00:00', 1, 0, 43, 4, 94, 2, 'EgyptAir', 'StayCity', 'Normal', 'Direct'),
('20170518', '00:00', '20170518', '00:00', 1, 0, 43, 4, 98, 2, 'EgyptAir', 'StayCity', 'Normal', 'Direct'),
('20170520', '00:00', '20170520', '00:00', 1, 0, 43, 3, 43, 2, 'EgyptAir', 'StayCity', 'Normal', 'Direct'),
('20170526', '00:00', '20170526', '00:00', 1, 0, 43, 4, 98, 2, 'EgyptAir', 'StayCity', 'Normal', 'Direct'),
('20170528', '00:00', '20170528', '00:00', 1, 0, 43, 4, 84, 2, 'EgyptAir', 'StayCity', 'Normal', 'Direct'),
('20170601', '00:00', '20170601', '00:00', 1, 0, 43, 4, 25, 2, 'EgyptAir', 'StayCity', 'Normal', 'Direct'),
('20170604', '00:00', '20170604', '00:00', 1, 0, 43, 4, 65, 2, 'EgyptAir', 'StayCity', 'Normal', 'Direct'),
('20170606', '00:00', '20170606', '00:00', 1, 0, 43, 4, 12, 2, 'EgyptAir', 'StayCity', 'Normal', 'Direct'),
('20170610', '00:00', '20170610', '00:00', 1, 0, 43, 4, 88, 2, 'EgyptAir', 'StayCity', 'Normal', 'Direct'),
('20170612', '00:00', '20170612', '00:00', 1, 0, 43, 4, 94, 2, 'EgyptAir', 'StayCity', 'Normal', 'Direct'),
('20170614', '00:00', '20170614', '00:00', 1, 0, 43, 4, 88, 2, 'EgyptAir', 'StayCity', 'Normal', 'Direct'),
('20170618', '00:00', '20170618', '00:00', 1, 0, 43, 4, 98, 2, 'EgyptAir', 'StayCity', 'Normal', 'Direct'),
('20170622', '00:00', '20170622', '00:00', 1, 0, 43, 4, 65, 2, 'EgyptAir', 'StayCity', 'Normal', 'Direct'),
('20170624', '00:00', '20170624', '00:00', 1, 0, 43, 4, 21, 2, 'EgyptAir', 'StayCity', 'Normal', 'Direct'),
('20170629', '00:00', '20170629', '00:00', 1, 0, 43, 4, 73, 2, 'EgyptAir', 'StayCity', 'Normal', 'Direct'),
('20170630', '00:00', '20170630', '00:00', 1, 0, 43, 4, 25, 2, 'EgyptAir', 'StayCity', 'Normal', 'Direct'),
('20170702', '00:00', '20170702', '00:00', 1, 0, 43, 4, 25, 2, 'EgyptAir', 'StayCity', 'Normal', 'Direct'),
('20170704', '00:00', '20170704', '00:00', 1, 0, 43, 4, 65, 2, 'EgyptAir', 'StayCity', 'Normal', 'Direct'),
('20170707', '00:00', '20170707', '00:00', 1, 0, 43, 4, 21, 2, 'EgyptAir', 'StayCity', 'Normal', 'Direct'),
('20170930', '00:00', '20170930', '00:00', 1, 0, 43, 1, 27, 2, 'EgyptAir', 'StayCity', 'Normal', 'Direct'),
('20170930', '00:00', '20170930', '00:00', 1, 0, 43, 4, 25, 2, 'EgyptAir', 'StayCity', 'Normal', 'Direct'),
('20171001', '00:00', '20171001', '00:00', 1, 0, 43, 4, 21, 2, 'EgyptAir', 'StayCity', 'Normal', 'Direct'),
('20171003', '00:00', '20171003', '00:00', 1, 0, 43, 1, 2, 2, 'EgyptAir', 'StayCity', 'Normal', 'Direct'),
('20171004', '00:00', '20171004', '00:00', 1, 0, 43, 4, 98, 2, 'EgyptAir', 'StayCity', 'Normal', 'Direct'),
('20171008', '00:00', '20171008', '00:00', 1, 0, 43, 4, 84, 2, 'EgyptAir', 'StayCity', 'Normal', 'Direct'),
('20171008', '00:00', '20171008', '00:00', 1, 0, 43, 4, 88, 2, 'EgyptAir', 'StayCity', 'Apology', 'Direct'),
('20171010', '00:00', '20171010', '00:00', 1, 0, 43, 4, 65, 2, 'EgyptAir', 'StayCity', 'Normal', 'Direct'),
('20170102', '00:00', '20170102', '00:00', 1, 0, 22, 1, 91, 2, 'EgyptAir', 'StayCity', 'Normal', 'Direct'),
('20170107', '00:00', '20170107', '00:00', 1, 0, 22, 1, 91, 2, 'EgyptAir', 'StayCity', 'Normal', 'Direct'),
('20170109', '00:00', '20170109', '00:00', 1, 0, 22, 1, 28, 2, 'EgyptAir', 'StayCity', 'Normal', 'Direct'),
('20170114', '00:00', '20170114', '00:00', 1, 0, 22, 1, 56, 2, 'EgyptAir', 'StayCity', 'Normal', 'Direct'),
('20170118', '00:00', '20170118', '00:00', 1, 0, 22, 1, 18, 2, 'EgyptAir', 'StayCity', 'Normal', 'Direct'),
('20170119', '00:00', '20170119', '00:00', 1, 0, 22, 1, 27, 2, 'EgyptAir', 'StayCity', 'Normal', 'Direct'),
('20170126', '00:00', '20170126', '00:00', 1, 0, 22, 1, 71, 2, 'EgyptAir', 'StayCity', 'Normal', 'Direct'),
('20170128', '00:00', '20170128', '00:00', 1, 0, 22, 1, 16, 2, 'EgyptAir', 'StayCity', 'Normal', 'Direct'),
('20170130', '00:00', '20170130', '00:00', 1, 0, 22, 1, 66, 2, 'EgyptAir', 'StayCity', 'Normal', 'Direct'),
('20170202', '00:00', '20170202', '00:00', 1, 0, 22, 1, 56, 2, 'EgyptAir', 'StayCity', 'Normal', 'Direct'),
('20170204', '00:00', '20170204', '00:00', 1, 0, 22, 1, 22, 2, 'EgyptAir', 'StayCity', 'Normal', 'Direct'),
('20170206', '00:00', '20170206', '00:00', 1, 0, 22, 1, 30, 2, 'EgyptAir', 'StayCity', 'Normal', 'Direct'),
('20170207', '00:00', '20170207', '00:00', 1, 0, 22, 1, 46, 2, 'EgyptAir', 'StayCity', 'Normal', 'Direct'),
('20170215', '00:00', '20170215', '00:00', 1, 0, 22, 1, 85, 2, 'EgyptAir', 'StayCity', 'Normal', 'Direct'),
('20170219', '00:00', '20170219', '00:00', 1, 0, 22, 1, 46, 2, 'EgyptAir', 'StayCity', 'Normal', 'Direct'),
('20170220', '00:00', '20170220', '00:00', 1, 0, 22, 1, 27, 2, 'EgyptAir', 'StayCity', 'Normal', 'Direct'),
('20170222', '00:00', '20170222', '00:00', 1, 0, 22, 1, 99, 2, 'EgyptAir', 'StayCity', 'Normal', 'Direct'),
('20170223', '00:00', '20170223', '00:00', 1, 0, 22, 1, 28, 2, 'EgyptAir', 'StayCity', 'Normal', 'Direct'),
('20170226', '00:00', '20170226', '00:00', 1, 0, 22, 1, 66, 2, 'EgyptAir', 'StayCity', 'Normal', 'Direct'),
('20170301', '00:00', '20170301', '00:00', 1, 0, 22, 1, 62, 2, 'EgyptAir', 'StayCity', 'Normal', 'Direct'),
('20170303', '00:00', '20170303', '00:00', 1, 0, 22, 1, 41, 2, 'EgyptAir', 'StayCity', 'Normal', 'Direct'),
('20170309', '00:00', '20170309', '00:00', 1, 0, 22, 1, 80, 2, 'EgyptAir', 'StayCity', 'Normal', 'Direct'),
('20170310', '00:00', '20170310', '00:00', 1, 0, 22, 1, 56, 2, 'EgyptAir', 'StayCity', 'Normal', 'Direct'),
('20170311', '00:00', '20170311', '00:00', 1, 0, 22, 1, 95, 2, 'EgyptAir', 'StayCity', 'Normal', 'Direct'),
('20170312', '00:00', '20170312', '00:00', 1, 0, 22, 1, 44, 2, 'EgyptAir', 'StayCity', 'Normal', 'Direct'),
('20170318', '00:00', '20170318', '00:00', 1, 0, 22, 1, 27, 2, 'EgyptAir', 'StayCity', 'Normal', 'Direct'),
('20170322', '00:00', '20170322', '00:00', 1, 0, 22, 1, 91, 2, 'EgyptAir', 'StayCity', 'Normal', 'Direct'),
('20170323', '00:00', '20170323', '00:00', 1, 0, 22, 1, 89, 2, 'EgyptAir', 'StayCity', 'Normal', 'Direct'),
('20170327', '00:00', '20170327', '00:00', 1, 0, 22, 1, 62, 2, 'EgyptAir', 'StayCity', 'Normal', 'Direct'),
('20170328', '00:00', '20170328', '00:00', 1, 0, 22, 1, 66, 2, 'EgyptAir', 'StayCity', 'Normal', 'Direct'),
('20170329', '00:00', '20170329', '00:00', 1, 0, 22, 1, 18, 2, 'EgyptAir', 'StayCity', 'Normal', 'Direct'),
('20170401', '00:00', '20170401', '00:00', 1, 0, 22, 1, 16, 2, 'EgyptAir', 'StayCity', 'Normal', 'Direct'),
('20170405', '00:00', '20170405', '00:00', 1, 0, 22, 1, 46, 2, 'EgyptAir', 'StayCity', 'Normal', 'Direct'),
('20170406', '00:00', '20170406', '00:00', 1, 0, 22, 1, 44, 2, 'EgyptAir', 'StayCity', 'Normal', 'Direct'),
('20170408', '00:00', '20170408', '00:00', 1, 0, 22, 1, 89, 2, 'EgyptAir', 'StayCity', 'Normal', 'Direct'),
('20170411', '00:00', '20170411', '00:00', 1, 0, 22, 1, 28, 2, 'EgyptAir', 'StayCity', 'Normal', 'Direct'),
('20170412', '00:00', '20170412', '00:00', 1, 0, 22, 1, 14, 2, 'EgyptAir', 'StayCity', 'Normal', 'Direct'),
('20170416', '00:00', '20170416', '00:00', 1, 0, 22, 1, 44, 2, 'EgyptAir', 'StayCity', 'Normal', 'Direct'),
('20170423', '00:00', '20170423', '00:00', 1, 0, 22, 1, 56, 2, 'EgyptAir', 'StayCity', 'Normal', 'Direct'),
('20170427', '00:00', '20170427', '00:00', 1, 0, 22, 1, 67, 2, 'EgyptAir', 'StayCity', 'Normal', 'Direct'),
('20170428', '00:00', '20170428', '00:00', 1, 0, 22, 1, 91, 2, 'EgyptAir', 'StayCity', 'Normal', 'Direct'),
('20170506', '00:00', '20170506', '00:00', 1, 0, 22, 1, 18, 2, 'EgyptAir', 'StayCity', 'Normal', 'Direct'),
('20170524', '00:00', '20170524', '00:00', 1, 0, 22, 1, 27, 2, 'EgyptAir', 'StayCity', 'Normal', 'Direct'),
('20170803', '00:00', '20170803', '00:00', 1, 0, 22, 1, 44, 2, 'EgyptAir', 'StayCity', 'Normal', 'Direct'),
('20170822', '00:00', '20170822', '00:00', 1, 0, 22, 1, 32, 2, 'EgyptAir', 'StayCity', 'Normal', 'Direct'),
('20170903', '00:00', '20170903', '00:00', 1, 0, 22, 1, 27, 2, 'EgyptAir', 'StayCity', 'Normal', 'Direct'),
('20170920', '00:00', '20170920', '00:00', 1, 0, 22, 1, 66, 2, 'EgyptAir', 'StayCity', 'Normal', 'Direct'),
('20171024', '00:00', '20171024', '00:00', 1, 0, 22, 1, 28, 2, 'EgyptAir', 'StayCity', 'Normal', 'Direct'),
('20171207', '00:00', '20171207', '00:00', 1, 0, 23, 4, 35, 2, 'EgyptAir', 'StayCity', 'Bonus', 'Direct'),
('20170111', '00:00', '20170111', '00:00', 1, 0, 6, 1, 95, 2, 'AirCairo', 'StayCity', 'Normal', 'Direct'),
('20170118', '00:00', '20170118', '00:00', 1, 0, 6, 1, 16, 2, 'AirCairo', 'StayCity', 'Normal', 'Direct'),
('20170125', '00:00', '20170125', '00:00', 1, 0, 6, 1, 85, 2, 'AirCairo', 'StayCity', 'Normal', 'Direct'),
('20170205', '00:00', '20170205', '00:00', 1, 0, 6, 1, 27, 2, 'AirCairo', 'StayCity', 'Normal', 'Direct'),
('20170215', '00:00', '20170215', '00:00', 1, 0, 6, 1, 41, 2, 'AirCairo', 'StayCity', 'Normal', 'Direct'),
('20170322', '00:00', '20170322', '00:00', 1, 0, 6, 1, 1, 2, 'AirCairo', 'StayCity', 'Normal', 'Direct'),
('20170426', '00:00', '20170426', '00:00', 1, 0, 6, 1, 28, 2, 'AirCairo', 'StayCity', 'Normal', 'Direct'),
('20170503', '00:00', '20170503', '00:00', 1, 0, 6, 1, 95, 2, 'AirCairo', 'StayCity', 'Normal', 'Direct'),
('20170510', '00:00', '20170510', '00:00', 1, 0, 6, 1, 16, 2, 'AirCairo', 'StayCity', 'Normal', 'Direct'),
('20170517', '00:00', '20170517', '00:00', 1, 0, 6, 1, 27, 2, 'AirCairo', 'StayCity', 'Normal', 'Direct'),
('20170531', '00:00', '20170531', '00:00', 1, 0, 6, 1, 95, 2, 'AirCairo', 'StayCity', 'Normal', 'Direct'),
('20170613', '00:00', '20170613', '00:00', 1, 0, 6, 1, 81, 2, 'AirCairo', 'StayCity', 'Normal', 'Direct'),
('20170620', '00:00', '20170620', '00:00', 1, 0, 6, 1, 81, 2, 'AirCairo', 'StayCity', 'Normal', 'Direct'),
('20170627', '00:00', '20170627', '00:00', 1, 0, 6, 1, 91, 2, 'AirCairo', 'StayCity', 'Normal', 'Direct'),
('20170705', '00:00', '20170705', '00:00', 1, 0, 6, 1, 103, 2, 'AirCairo', 'StayCity', 'Normal', 'Direct'),
('20170726', '00:00', '20170726', '00:00', 1, 0, 6, 2, 33, 2, 'AirCairo', 'StayCity', 'Normal', 'Direct'),
('20170808', '00:00', '20170808', '00:00', 1, 0, 6, 1, 9, 2, 'AirCairo', 'StayCity', 'Normal', 'Direct'),
('20170816', '00:00', '20170816', '00:00', 1, 0, 6, 1, 30, 2, 'AirCairo', 'StayCity', 'Normal', 'Direct'),
('20170830', '00:00', '20170830', '00:00', 1, 0, 6, 1, 95, 2, 'AirCairo', 'StayCity', 'Normal', 'Direct'),
('20170905', '00:00', '20170905', '00:00', 1, 0, 6, 1, 71, 2, 'AirCairo', 'StayCity', 'Normal', 'Direct'),
('20170912', '00:00', '20170912', '00:00', 1, 0, 6, 1, 103, 2, 'AirCairo', 'StayCity', 'Normal', 'Direct'),
('20170920', '00:00', '20170920', '00:00', 1, 0, 6, 1, 14, 2, 'AirCairo', 'StayCity', 'Normal', 'Direct'),
('20170926', '00:00', '20170926', '00:00', 1, 0, 6, 1, 30, 2, 'AirCairo', 'StayCity', 'Normal', 'Direct'),
('20171003', '00:00', '20171003', '00:00', 1, 0, 6, 1, 32, 2, 'AirCairo', 'StayCity', 'Normal', 'Direct'),
('20171122', '00:00', '20171122', '00:00', 1, 0, 6, 1, 81, 2, 'AirCairo', 'StayCity', 'Normal', 'Direct'),
('20170531', '00:00', '20170531', '00:00', 1, 0, 18, 1, 44, 2, 'EgyptAir', 'StayCity', 'Normal', 'Multiple'),
('20170522', '00:00', '20170522', '00:00', 1, 0, 26, 1, 18, 2, 'EgyptAir', 'StayCity', 'Normal', 'Direct'),
('20170104', '00:00', '20170104', '00:00', 1, 0, 28, 1, 27, 2, 'EgyptAir', 'StayCity', 'Normal', 'Direct'),
('20170112', '00:00', '20170112', '00:00', 1, 0, 28, 1, 16, 2, 'EgyptAir', 'StayCity', 'Normal', 'Direct'),
('20170118', '00:00', '20170118', '00:00', 1, 0, 28, 1, 66, 2, 'EgyptAir', 'StayCity', 'Normal', 'Direct'),
('20170120', '00:00', '20170120', '00:00', 1, 0, 28, 1, 80, 2, 'EgyptAir', 'StayCity', 'Normal', 'Direct'),
('20170125', '00:00', '20170125', '00:00', 1, 0, 28, 1, 28, 2, 'EgyptAir', 'StayCity', 'Normal', 'Direct'),
('20170206', '00:00', '20170206', '00:00', 1, 0, 28, 1, 14, 2, 'EgyptAir', 'StayCity', 'Normal', 'Direct'),
('20170213', '00:00', '20170213', '00:00', 1, 0, 28, 1, 89, 2, 'EgyptAir', 'StayCity', 'Normal', 'Direct'),
('20170220', '00:00', '20170220', '00:00', 1, 0, 28, 1, 30, 2, 'EgyptAir', 'StayCity', 'Normal', 'Direct'),
('20170301', '00:00', '20170301', '00:00', 1, 0, 28, 1, 91, 2, 'EgyptAir', 'StayCity', 'Normal', 'Direct'),
('20170308', '00:00', '20170308', '00:00', 1, 0, 28, 1, 30, 2, 'EgyptAir', 'StayCity', 'Normal', 'Direct'),
('20170327', '00:00', '20170327', '00:00', 1, 0, 28, 1, 91, 2, 'EgyptAir', 'StayCity', 'Normal', 'Direct'),
('20170403', '00:00', '20170403', '00:00', 1, 0, 28, 1, 80, 2, 'EgyptAir', 'StayCity', 'Normal', 'Direct'),
('20170412', '00:00', '20170412', '00:00', 1, 0, 28, 1, 22, 2, 'EgyptAir', 'StayCity', 'Normal', 'Direct'),
('20170421', '00:00', '20170421', '00:00', 1, 0, 28, 1, 18, 2, 'EgyptAir', 'StayCity', 'Normal', 'Direct'),
('20170503', '00:00', '20170503', '00:00', 1, 0, 28, 1, 41, 2, 'EgyptAir', 'StayCity', 'Apology', 'Direct'),
('20170503', '00:00', '20170503', '00:00', 1, 0, 28, 1, 22, 2, 'EgyptAir', 'StayCity', 'Normal', 'Direct'),
('20170508', '00:00', '20170508', '00:00', 1, 0, 28, 1, 30, 2, 'EgyptAir', 'StayCity', 'Normal', 'Direct'),
('20170517', '00:00', '20170517', '00:00', 1, 0, 28, 1, 16, 2, 'EgyptAir', 'StayCity', 'Normal', 'Direct'),
('20170526', '00:00', '20170526', '00:00', 1, 0, 28, 1, 16, 2, 'EgyptAir', 'StayCity', 'Normal', 'Direct'),
('20170529', '00:00', '20170529', '00:00', 1, 0, 28, 1, 30, 2, 'EgyptAir', 'StayCity', 'Normal', 'Direct'),
('20170605', '00:00', '20170605', '00:00', 1, 0, 28, 1, 27, 2, 'EgyptAir', 'StayCity', 'Normal', 'Direct'),
('20170612', '00:00', '20170612', '00:00', 1, 0, 28, 1, 1, 2, 'EgyptAir', 'StayCity', 'Normal', 'Direct'),
('20170623', '00:00', '20170623', '00:00', 1, 0, 28, 1, 80, 2, 'EgyptAir', 'StayCity', 'Normal', 'Direct'),
('20170626', '00:00', '20170626', '00:00', 1, 0, 28, 1, 1, 2, 'EgyptAir', 'StayCity', 'Normal', 'Direct'),
('20170630', '00:00', '20170630', '00:00', 1, 0, 28, 1, 2, 2, 'EgyptAir', 'StayCity', 'Normal', 'Direct'),
('20170707', '00:00', '20170707', '00:00', 1, 0, 28, 1, 30, 2, 'EgyptAir', 'StayCity', 'Normal', 'Direct'),
('20170714', '00:00', '20170714', '00:00', 1, 0, 28, 1, 16, 2, 'EgyptAir', 'StayCity', 'Normal', 'Direct'),
('20170714', '00:00', '20170714', '00:00', 1, 0, 28, 1, 99, 2, 'EgyptAir', 'StayCity', 'Apology', 'Direct'),
('20170717', '00:00', '20170717', '00:00', 1, 0, 28, 1, 2, 2, 'EgyptAir', 'StayCity', 'Normal', 'Direct'),
('20170811', '00:00', '20170811', '00:00', 1, 0, 28, 1, 56, 2, 'EgyptAir', 'StayCity', 'Normal', 'Direct'),
('20170814', '00:00', '20170814', '00:00', 1, 0, 28, 1, 28, 2, 'EgyptAir', 'StayCity', 'Normal', 'Direct'),
('20170825', '00:00', '20170825', '00:00', 1, 0, 28, 1, 1, 2, 'EgyptAir', 'StayCity', 'Normal', 'Direct'),
('20170901', '00:00', '20170901', '00:00', 1, 0, 28, 1, 1, 2, 'EgyptAir', 'StayCity', 'Normal', 'Direct'),
('20170911', '00:00', '20170911', '00:00', 1, 0, 28, 1, 2, 2, 'EgyptAir', 'StayCity', 'Normal', 'Direct'),
('20170929', '00:00', '20170929', '00:00', 1, 0, 28, 1, 95, 2, 'EgyptAir', 'StayCity', 'Normal', 'Direct'),
('20171006', '00:00', '20171006', '00:00', 1, 0, 28, 1, 44, 2, 'EgyptAir', 'StayCity', 'Normal', 'Direct'),
('20171013', '00:00', '20171013', '00:00', 1, 0, 28, 1, 103, 2, 'EgyptAir', 'StayCity', 'Normal', 'Direct'),
('20171030', '00:00', '20171030', '00:00', 1, 0, 28, 1, 2, 2, 'EgyptAir', 'StayCity', 'Normal', 'Direct'),
('20171106', '00:00', '20171106', '00:00', 1, 0, 28, 1, 80, 2, 'EgyptAir', 'StayCity', 'Normal', 'Direct'),
('20171204', '00:00', '20171204', '00:00', 1, 0, 28, 1, 80, 2, 'EgyptAir', 'StayCity', 'Normal', 'Direct'),
('20171215', '00:00', '20171215', '00:00', 1, 0, 28, 1, 1, 2, 'EgyptAir', 'StayCity', 'Normal', 'Direct'),
('20170311', '00:00', '20170311', '00:00', 1, 0, 29, 1, 1, 2, 'EgyptAir', 'StayCity', 'Bonus', 'Direct'),
('20170315', '00:00', '20170315', '00:00', 1, 0, 29, 1, 27, 2, 'EgyptAir', 'StayCity', 'Bonus', 'Direct'),
('20170606', '00:00', '20170606', '00:00', 1, 0, 29, 1, 80, 2, 'EgyptAir', 'StayCity', 'Bonus', 'Direct'),
('20170607', '00:00', '20170607', '00:00', 1, 0, 29, 1, 62, 2, 'EgyptAir', 'StayCity', 'Bonus', 'Direct'),
('20170101', '00:00', '20170101', '00:00', 1, 0, 32, 1, 89, 2, 'EgyptAir', 'StayCity', 'Normal', 'Direct'),
('20170124', '00:00', '20170124', '00:00', 1, 0, 32, 1, 89, 2, 'EgyptAir', 'StayCity', 'Normal', 'Direct'),
('20171120', '00:00', '20171120', '00:00', 1, 0, 32, 1, 13, 2, 'EgyptAir', 'StayCity', 'Normal', 'Direct'),
('20171120', '00:00', '20171120', '00:00', 1, 0, 32, 1, 107, 2, 'EgyptAir', 'StayCity', 'Normal', 'Direct'),
('20171122', '00:00', '20171122', '00:00', 1, 0, 32, 1, 75, 2, 'EgyptAir', 'StayCity', 'Normal', 'Direct'),
('20171116', '00:00', '20171116', '00:00', 1, 0, 52, 1, 32, 2, 'EgyptAir', 'StayCity', 'Normal', 'Direct'),
('20171118', '00:00', '20171118', '00:00', 1, 0, 52, 1, 91, 2, 'EgyptAir', 'StayCity', 'Normal', 'Direct'),
('20171119', '00:00', '20171119', '00:00', 1, 0, 52, 1, 62, 2, 'EgyptAir', 'StayCity', 'Normal', 'Direct'),
('20171120', '00:00', '20171120', '00:00', 1, 0, 52, 1, 81, 2, 'EgyptAir', 'StayCity', 'Normal', 'Direct'),
('20171123', '00:00', '20171123', '00:00', 1, 0, 52, 4, 12, 2, 'EgyptAir', 'StayCity', 'Normal', 'Direct'),
('20171126', '00:00', '20171126', '00:00', 1, 0, 52, 4, 49, 2, 'EgyptAir', 'StayCity', 'Normal', 'Direct'),
('20171129', '00:00', '20171129', '00:00', 1, 0, 52, 4, 65, 2, 'EgyptAir', 'StayCity', 'Normal', 'Direct'),
('20171130', '00:00', '20171130', '00:00', 1, 0, 52, 4, 8, 2, 'EgyptAir', 'StayCity', 'Apology', 'Direct'),
('20171130', '00:00', '20171130', '00:00', 1, 0, 52, 4, 49, 2, 'EgyptAir', 'StayCity', 'Normal', 'Direct'),
('20171201', '00:00', '20171201', '00:00', 1, 0, 52, 4, 35, 2, 'EgyptAir', 'StayCity', 'Bonus', 'Direct'),
('20171203', '00:00', '20171203', '00:00', 1, 0, 52, 4, 21, 2, 'EgyptAir', 'StayCity', 'Normal', 'Direct'),
('20171207', '00:00', '20171207', '00:00', 1, 0, 52, 4, 8, 2, 'EgyptAir', 'StayCity', 'Normal', 'Direct'),
('20171208', '00:00', '20171208', '00:00', 1, 0, 52, 4, 84, 2, 'EgyptAir', 'StayCity', 'Normal', 'Direct'),
('20171209', '00:00', '20171209', '00:00', 1, 0, 52, 4, 98, 2, 'EgyptAir', 'StayCity', 'Normal', 'Direct'),
('20171211', '00:00', '20171211', '00:00', 1, 0, 52, 4, 88, 2, 'EgyptAir', 'StayCity', 'Normal', 'Direct'),
('20171212', '00:00', '20171212', '00:00', 1, 0, 52, 4, 65, 2, 'EgyptAir', 'StayCity', 'Normal', 'Direct'),
('20170423', '00:00', '20170423', '00:00', 1, 0, 33, 1, 95, 2, 'EgyptAir', 'StayCity', 'Bonus', 'Direct'),
('20170401', '00:00', '20170401', '00:00', 1, 0, 37, 3, 73, 2, 'EgyptAir', 'StayCity', 'Normal', 'Direct'),
('20170402', '00:00', '20170402', '00:00', 1, 0, 37, 3, 93, 2, 'EgyptAir', 'StayCity', 'Normal', 'Direct'),
('20170403', '00:00', '20170403', '00:00', 1, 0, 37, 3, 20, 2, 'EgyptAir', 'StayCity', 'Normal', 'Direct'),
('20170405', '00:00', '20170405', '00:00', 1, 0, 37, 3, 97, 2, 'EgyptAir', 'StayCity', 'Normal', 'Direct'),
('20170406', '00:00', '20170406', '00:00', 1, 0, 37, 3, 43, 2, 'EgyptAir', 'StayCity', 'Normal', 'Direct'),
('20170407', '00:00', '20170407', '00:00', 1, 0, 37, 3, 64, 2, 'AirCairo', 'StayCity', 'Normal', 'Direct'),
('20170603', '00:00', '20170603', '00:00', 1, 0, 37, 3, 93, 2, 'EgyptAir', 'StayCity', 'Normal', 'Direct'),
('20170604', '00:00', '20170604', '00:00', 1, 0, 37, 3, 24, 2, 'EgyptAir', 'StayCity', 'Normal', 'Direct'),
('20170405', '00:00', '20170405', '00:00', 1, 0, 39, 3, 20, 2, 'EgyptAir', 'StayCity', 'Normal', 'Direct'),
('20171121', '00:00', '20171121', '00:00', 1, 0, 53, 1, 26, 2, 'EgyptAir', 'StayCity', 'Normal', 'Direct'),
('20170103', '00:00', '20170103', '00:00', 1, 0, 41, 1, 62, 2, 'EgyptAir', 'StayCity', 'Normal', 'Direct'),
('20170112', '00:00', '20170112', '00:00', 1, 0, 41, 1, 30, 2, 'EgyptAir', 'StayCity', 'Normal', 'Direct'),
('20170117', '00:00', '20170117', '00:00', 1, 0, 41, 1, 16, 2, 'EgyptAir', 'StayCity', 'Normal', 'Direct'),
('20170124', '00:00', '20170124', '00:00', 1, 0, 41, 1, 27, 2, 'EgyptAir', 'StayCity', 'Normal', 'Direct'),
('20170202', '00:00', '20170202', '00:00', 1, 0, 41, 1, 30, 2, 'EgyptAir', 'StayCity', 'Normal', 'Direct'),
('20170204', '00:00', '20170204', '00:00', 1, 0, 41, 1, 80, 2, 'EgyptAir', 'StayCity', 'Normal', 'Direct'),
('20170214', '00:00', '20170214', '00:00', 1, 0, 41, 1, 66, 2, 'EgyptAir', 'StayCity', 'Normal', 'Direct'),
('20170218', '00:00', '20170218', '00:00', 1, 0, 41, 1, 1, 2, 'EgyptAir', 'StayCity', 'Normal', 'Direct'),
('20170225', '00:00', '20170225', '00:00', 1, 0, 41, 1, 62, 2, 'EgyptAir', 'StayCity', 'Normal', 'Direct'),
('20170309', '00:00', '20170309', '00:00', 1, 0, 41, 1, 1, 2, 'EgyptAir', 'StayCity', 'Normal', 'Direct'),
('20170316', '00:00', '20170316', '00:00', 1, 0, 41, 1, 14, 2, 'EgyptAir', 'StayCity', 'Normal', 'Direct'),
('20170321', '00:00', '20170321', '00:00', 1, 0, 41, 1, 62, 2, 'EgyptAir', 'StayCity', 'Normal', 'Direct'),
('20170323', '00:00', '20170323', '00:00', 1, 0, 41, 1, 67, 2, 'EgyptAir', 'StayCity', 'Normal', 'Direct'),
('20170328', '00:00', '20170328', '00:00', 1, 0, 41, 1, 99, 2, 'EgyptAir', 'StayCity', 'Normal', 'Direct'),
('20170402', '00:00', '20170402', '00:00', 1, 0, 41, 1, 30, 2, 'EgyptAir', 'StayCity', 'Normal', 'Direct'),
('20170406', '00:00', '20170406', '00:00', 1, 0, 41, 1, 27, 2, 'EgyptAir', 'StayCity', 'Normal', 'Direct'),
('20170413', '00:00', '20170413', '00:00', 1, 0, 41, 1, 62, 2, 'EgyptAir', 'StayCity', 'Normal', 'Direct'),
('20170418', '00:00', '20170418', '00:00', 1, 0, 41, 1, 80, 2, 'EgyptAir', 'StayCity', 'Normal', 'Direct'),
('20170504', '00:00', '20170504', '00:00', 1, 0, 41, 1, 99, 2, 'EgyptAir', 'StayCity', 'Normal', 'Direct'),
('20170506', '00:00', '20170506', '00:00', 1, 0, 41, 1, 5, 2, 'EgyptAir', 'StayCity', 'Normal', 'Direct'),
('20170514', '00:00', '20170514', '00:00', 1, 0, 41, 1, 103, 2, 'EgyptAir', 'StayCity', 'Normal', 'Direct'),
('20170523', '00:00', '20170523', '00:00', 1, 0, 41, 1, 67, 2, 'EgyptAir', 'StayCity', 'Normal', 'Direct'),
('20170530', '00:00', '20170530', '00:00', 1, 0, 41, 1, 16, 2, 'EgyptAir', 'StayCity', 'Normal', 'Direct'),
('20170604', '00:00', '20170604', '00:00', 1, 0, 41, 1, 30, 2, 'EgyptAir', 'StayCity', 'Normal', 'Direct'),
('20170611', '00:00', '20170611', '00:00', 1, 0, 41, 1, 2, 2, 'EgyptAir', 'StayCity', 'Normal', 'Direct'),
('20170615', '00:00', '20170615', '00:00', 1, 0, 41, 1, 95, 2, 'EgyptAir', 'StayCity', 'Normal', 'Direct'),
('20170620', '00:00', '20170620', '00:00', 1, 0, 41, 1, 22, 2, 'EgyptAir', 'StayCity', 'Normal', 'Direct'),
('20170629', '00:00', '20170629', '00:00', 1, 0, 41, 1, 9, 2, 'EgyptAir', 'StayCity', 'Normal', 'Direct'),
('20170702', '00:00', '20170702', '00:00', 1, 0, 41, 1, 53, 2, 'EgyptAir', 'StayCity', 'Normal', 'Direct'),
('20170711', '00:00', '20170711', '00:00', 1, 0, 41, 1, 56, 2, 'EgyptAir', 'StayCity', 'Normal', 'Direct'),
('20170720', '00:00', '20170720', '00:00', 1, 0, 41, 1, 46, 2, 'EgyptAir', 'StayCity', 'Normal', 'Direct'),
('20170723', '00:00', '20170723', '00:00', 1, 0, 41, 1, 27, 2, 'EgyptAir', 'StayCity', 'Normal', 'Direct'),
('20170730', '00:00', '20170730', '00:00', 1, 0, 41, 1, 66, 2, 'EgyptAir', 'StayCity', 'Normal', 'Direct'),
('20170823', '00:00', '20170823', '00:00', 1, 0, 41, 1, 41, 2, 'EgyptAir', 'StayCity', 'Apology', 'Direct'),
('20170823', '00:00', '20170823', '00:00', 1, 0, 41, 1, 103, 2, 'EgyptAir', 'StayCity', 'Normal', 'Direct'),
('20170903', '00:00', '20170903', '00:00', 1, 0, 41, 1, 9, 2, 'EgyptAir', 'StayCity', 'Normal', 'Direct'),
('20170924', '00:00', '20170924', '00:00', 1, 0, 41, 1, 51, 2, 'EgyptAir', 'StayCity', 'Normal', 'Direct'),
('20171008', '00:00', '20171008', '00:00', 1, 0, 41, 1, 3, 2, 'EgyptAir', 'StayCity', 'Normal', 'Direct'),
('20171019', '00:00', '20171019', '00:00', 1, 0, 41, 1, 1, 2, 'EgyptAir', 'StayCity', 'Normal', 'Direct'),
('20171026', '00:00', '20171026', '00:00', 1, 0, 41, 1, 27, 2, 'EgyptAir', 'StayCity', 'Normal', 'Direct'),
('20171102', '00:00', '20171102', '00:00', 1, 0, 41, 1, 1, 2, 'EgyptAir', 'StayCity', 'Normal', 'Direct'),
('20171112', '00:00', '20171112', '00:00', 1, 0, 41, 1, 3, 2, 'EgyptAir', 'StayCity', 'Normal', 'Direct'),
('20171123', '00:00', '20171123', '00:00', 1, 0, 41, 1, 22, 2, 'EgyptAir', 'StayCity', 'Normal', 'Direct'),
('20171130', '00:00', '20171130', '00:00', 1, 0, 41, 1, 66, 2, 'EgyptAir', 'StayCity', 'Apology', 'Direct'),
('20171130', '00:00', '20171130', '00:00', 1, 0, 41, 1, 1, 2, 'EgyptAir', 'StayCity', 'Normal', 'Direct'),
('20171214', '00:00', '20171214', '00:00', 1, 0, 41, 1, 30, 2, 'EgyptAir', 'StayCity', 'Normal', 'Direct'),
('20170307', '00:00', '20170307', '00:00', 1, 0, 15, 1, 71, 2, 'EgyptAir', 'StayCity', 'Normal', 'Direct'),
('20170407', '00:00', '20170407', '00:00', 1, 0, 50, 3, 20, 2, 'EgyptAir', 'StayCity', 'Normal', 'Direct'),
('20170408', '00:00', '20170408', '00:00', 1, 0, 50, 3, 43, 2, 'EgyptAir', 'StayCity', 'Normal', 'Direct'),
('20170409', '00:00', '20170409', '00:00', 1, 0, 50, 3, 73, 2, 'EgyptAir', 'StayCity', 'Normal', 'Direct'),
('20170410', '00:00', '20170410', '00:00', 1, 0, 50, 3, 97, 2, 'EgyptAir', 'StayCity', 'Normal', 'Direct'),
('20170413', '00:00', '20170413', '00:00', 1, 0, 50, 3, 48, 2, 'EgyptAir', 'StayCity', 'Normal', 'Direct'),
('20170413', '00:00', '20170413', '00:00', 1, 0, 50, 3, 73, 2, 'EgyptAir', 'StayCity', 'Normal', 'Direct'),
('20170415', '00:00', '20170415', '00:00', 1, 0, 50, 3, 20, 2, 'EgyptAir', 'StayCity', 'Normal', 'Direct'),
('20170416', '00:00', '20170416', '00:00', 1, 0, 50, 3, 69, 2, 'EgyptAir', 'StayCity', 'Normal', 'Direct'),
('20170416', '00:00', '20170416', '00:00', 1, 0, 50, 3, 73, 2, 'EgyptAir', 'StayCity', 'Normal', 'Direct'),
('20170416', '00:00', '20170416', '00:00', 1, 0, 50, 3, 97, 2, 'EgyptAir', 'StayCity', 'Normal', 'Direct'),
('20170417', '00:00', '20170417', '00:00', 1, 0, 50, 3, 93, 2, 'EgyptAir', 'StayCity', 'Normal', 'Direct'),
('20170419', '00:00', '20170419', '00:00', 1, 0, 50, 3, 48, 2, 'EgyptAir', 'StayCity', 'Normal', 'Direct'),
('20170420', '00:00', '20170420', '00:00', 1, 0, 50, 3, 64, 2, 'EgyptAir', 'StayCity', 'Normal', 'Direct'),
('20170105', '00:00', '20170105', '00:00', 1, 0, 51, 1, 14, 2, 'AirCairo', 'StayCity', 'Normal', 'Direct'),
('20170106', '00:00', '20170106', '00:00', 1, 0, 51, 1, 41, 2, 'AirCairo', 'StayCity', 'Normal', 'Direct'),
('20170116', '00:00', '20170116', '00:00', 1, 0, 51, 1, 99, 2, 'AirCairo', 'StayCity', 'Normal', 'Direct'),
('20170120', '00:00', '20170120', '00:00', 1, 0, 51, 1, 14, 2, 'AirCairo', 'StayCity', 'Normal', 'Direct'),
('20170126', '00:00', '20170126', '00:00', 1, 0, 51, 1, 95, 2, 'AirCairo', 'StayCity', 'Normal', 'Direct'),
('20170130', '00:00', '20170130', '00:00', 1, 0, 51, 1, 18, 2, 'AirCairo', 'StayCity', 'Normal', 'Direct'),
('20170201', '00:00', '20170201', '00:00', 1, 0, 51, 1, 85, 2, 'AirCairo', 'StayCity', 'Normal', 'Direct'),
('20170202', '00:00', '20170202', '00:00', 1, 0, 51, 1, 41, 2, 'AirCairo', 'StayCity', 'Normal', 'Direct'),
('20170203', '00:00', '20170203', '00:00', 1, 0, 51, 1, 89, 2, 'AirCairo', 'StayCity', 'Normal', 'Direct'),
('20170209', '00:00', '20170209', '00:00', 1, 0, 51, 1, 67, 2, 'AirCairo', 'StayCity', 'Normal', 'Direct'),
('20170211', '00:00', '20170211', '00:00', 1, 0, 51, 1, 71, 2, 'AirCairo', 'StayCity', 'Normal', 'Direct'),
('20170214', '00:00', '20170214', '00:00', 1, 0, 51, 1, 91, 2, 'AirCairo', 'StayCity', 'Normal', 'Direct'),
('20170218', '00:00', '20170218', '00:00', 1, 0, 51, 1, 14, 2, 'AirCairo', 'StayCity', 'Normal', 'Direct'),
('20170224', '00:00', '20170224', '00:00', 1, 0, 51, 1, 18, 2, 'AirCairo', 'StayCity', 'Normal', 'Direct'),
('20170226', '00:00', '20170226', '00:00', 1, 0, 51, 1, 67, 2, 'AirCairo', 'StayCity', 'Normal', 'Direct'),
('20170303', '00:00', '20170303', '00:00', 1, 0, 51, 1, 95, 2, 'AirCairo', 'StayCity', 'Normal', 'Direct'),
('20170306', '00:00', '20170306', '00:00', 1, 0, 51, 1, 46, 2, 'AirCairo', 'StayCity', 'Normal', 'Direct'),
('20170318', '00:00', '20170318', '00:00', 1, 0, 51, 1, 44, 2, 'AirCairo', 'StayCity', 'Normal', 'Direct'),
('20170324', '00:00', '20170324', '00:00', 1, 0, 51, 1, 30, 2, 'AirCairo', 'StayCity', 'Normal', 'Direct'),
('20170325', '00:00', '20170325', '00:00', 1, 0, 51, 1, 56, 2, 'AirCairo', 'StayCity', 'Normal', 'Direct'),
('20170330', '00:00', '20170330', '00:00', 1, 0, 51, 1, 95, 2, 'AirCairo', 'StayCity', 'Normal', 'Direct'),
('20170331', '00:00', '20170331', '00:00', 1, 0, 51, 1, 28, 2, 'AirCairo', 'StayCity', 'Normal', 'Direct'),
('20170405', '00:00', '20170405', '00:00', 1, 0, 51, 1, 41, 2, 'AirCairo', 'StayCity', 'Normal', 'Direct'),
('20170410', '00:00', '20170410', '00:00', 1, 0, 51, 1, 67, 2, 'AirCairo', 'StayCity', 'Normal', 'Direct'),
('20170412', '00:00', '20170412', '00:00', 1, 0, 51, 1, 80, 2, 'AirCairo', 'StayCity', 'Normal', 'Direct'),
('20170419', '00:00', '20170419', '00:00', 1, 0, 51, 1, 99, 2, 'AirCairo', 'StayCity', 'Normal', 'Direct'),
('20170420', '00:00', '20170420', '00:00', 1, 0, 51, 1, 30, 2, 'AirCairo', 'StayCity', 'Normal', 'Direct'),
('20170424', '00:00', '20170424', '00:00', 1, 0, 51, 1, 16, 2, 'AirCairo', 'StayCity', 'Normal', 'Direct'),
('20170426', '00:00', '20170426', '00:00', 1, 0, 51, 1, 22, 2, 'AirCairo', 'StayCity', 'Normal', 'Direct'),
('20170501', '00:00', '20170501', '00:00', 1, 0, 51, 1, 44, 2, 'AirCairo', 'StayCity', 'Normal', 'Direct'),
('20170508', '00:00', '20170508', '00:00', 1, 0, 51, 1, 91, 2, 'AirCairo', 'StayCity', 'Normal', 'Direct'),
('20170510', '00:00', '20170510', '00:00', 1, 0, 51, 1, 95, 2, 'AirCairo', 'StayCity', 'Normal', 'Direct'),
('20170515', '00:00', '20170515', '00:00', 1, 0, 51, 1, 41, 2, 'AirCairo', 'StayCity', 'Normal', 'Direct'),
('20170518', '00:00', '20170518', '00:00', 1, 0, 51, 1, 80, 2, 'AirCairo', 'StayCity', 'Normal', 'Direct'),
('20170524', '00:00', '20170524', '00:00', 1, 0, 51, 1, 22, 2, 'AirCairo', 'StayCity', 'Normal', 'Direct'),
('20170525', '00:00', '20170525', '00:00', 1, 0, 51, 1, 91, 2, 'AirCairo', 'StayCity', 'Normal', 'Direct'),
('20170530', '00:00', '20170530', '00:00', 1, 0, 51, 1, 80, 2, 'AirCairo', 'StayCity', 'Normal', 'Direct'),
('20170605', '00:00', '20170605', '00:00', 1, 0, 51, 1, 41, 2, 'AirCairo', 'StayCity', 'Normal', 'Direct'),
('20170607', '00:00', '20170607', '00:00', 1, 0, 51, 1, 5, 2, 'AirCairo', 'StayCity', 'Normal', 'Direct'),
('20170612', '00:00', '20170612', '00:00', 1, 0, 51, 1, 44, 2, 'AirCairo', 'StayCity', 'Normal', 'Direct'),
('20170613', '00:00', '20170613', '00:00', 1, 0, 51, 1, 46, 2, 'AirCairo', 'StayCity', 'Normal', 'Direct'),
('20170621', '00:00', '20170621', '00:00', 1, 0, 51, 1, 44, 2, 'AirCairo', 'StayCity', 'Normal', 'Direct'),
('20170628', '00:00', '20170628', '00:00', 1, 0, 51, 1, 67, 2, 'AirCairo', 'StayCity', 'Normal', 'Direct'),
('20170706', '00:00', '20170706', '00:00', 1, 0, 51, 1, 95, 2, 'AirCairo', 'StayCity', 'Normal', 'Direct'),
('20170708', '00:00', '20170708', '00:00', 1, 0, 51, 1, 16, 2, 'AirCairo', 'StayCity', 'Normal', 'Direct'),
('20170712', '00:00', '20170712', '00:00', 1, 0, 51, 1, 41, 2, 'AirCairo', 'StayCity', 'Normal', 'Direct'),
('20170717', '00:00', '20170717', '00:00', 1, 0, 51, 2, 23, 2, 'AirCairo', 'StayCity', 'Normal', 'Direct'),
('20170719', '00:00', '20170719', '00:00', 1, 0, 51, 1, 99, 2, 'AirCairo', 'StayCity', 'Normal', 'Direct'),
('20170720', '00:00', '20170720', '00:00', 1, 0, 51, 1, 95, 2, 'AirCairo', 'StayCity', 'Normal', 'Direct'),
('20170731', '00:00', '20170731', '00:00', 1, 0, 51, 1, 28, 2, 'AirCairo', 'StayCity', 'Normal', 'Direct'),
('20170802', '00:00', '20170802', '00:00', 1, 0, 51, 1, 53, 2, 'AirCairo', 'StayCity', 'Normal', 'Direct'),
('20170808', '00:00', '20170808', '00:00', 1, 0, 51, 1, 76, 2, 'AirCairo', 'StayCity', 'Normal', 'Direct'),
('20170809', '00:00', '20170809', '00:00', 1, 0, 51, 1, 46, 2, 'AirCairo', 'StayCity', 'Normal', 'Direct'),
('20170814', '00:00', '20170814', '00:00', 1, 0, 51, 1, 71, 2, 'AirCairo', 'StayCity', 'Normal', 'Direct'),
('20170815', '00:00', '20170815', '00:00', 1, 0, 51, 1, 5, 2, 'AirCairo', 'StayCity', 'Normal', 'Direct'),
('20170821', '00:00', '20170821', '00:00', 1, 0, 51, 1, 16, 2, 'AirCairo', 'StayCity', 'Normal', 'Direct'),
('20170828', '00:00', '20170828', '00:00', 1, 0, 51, 1, 71, 2, 'AirCairo', 'StayCity', 'Normal', 'Direct'),
('20170831', '00:00', '20170831', '00:00', 1, 0, 51, 1, 99, 2, 'AirCairo', 'StayCity', 'Normal', 'Direct'),
('20170905', '00:00', '20170905', '00:00', 1, 0, 51, 1, 3, 2, 'AirCairo', 'StayCity', 'Normal', 'Direct'),
('20170912', '00:00', '20170912', '00:00', 1, 0, 51, 1, 56, 2, 'AirCairo', 'StayCity', 'Normal', 'Direct'),
('20170913', '00:00', '20170913', '00:00', 1, 0, 51, 1, 71, 2, 'AirCairo', 'StayCity', 'Normal', 'Direct'),
('20170921', '00:00', '20170921', '00:00', 1, 0, 51, 1, 81, 2, 'AirCairo', 'StayCity', 'Normal', 'Direct'),
('20170927', '00:00', '20170927', '00:00', 1, 0, 51, 1, 99, 2, 'AirCairo', 'StayCity', 'Normal', 'Direct'),
('20171002', '00:00', '20171002', '00:00', 1, 0, 51, 1, 46, 2, 'AirCairo', 'StayCity', 'Normal', 'Direct'),
('20171005', '00:00', '20171005', '00:00', 1, 0, 51, 1, 81, 2, 'AirCairo', 'StayCity', 'Normal', 'Direct'),
('20171009', '00:00', '20171009', '00:00', 1, 0, 51, 1, 56, 2, 'AirCairo', 'StayCity', 'Normal', 'Direct'),
('20171011', '00:00', '20171011', '00:00', 1, 0, 51, 1, 5, 2, 'AirCairo', 'StayCity', 'Normal', 'Direct'),
('20171016', '00:00', '20171016', '00:00', 1, 0, 51, 1, 41, 2, 'AirCairo', 'StayCity', 'Apology', 'Direct'),
('20171016', '00:00', '20171016', '00:00', 1, 0, 51, 1, 71, 2, 'AirCairo', 'StayCity', 'Normal', 'Direct'),
('20171023', '00:00', '20171023', '00:00', 1, 0, 51, 1, 85, 2, 'AirCairo', 'StayCity', 'Normal', 'Direct'),
('20171026', '00:00', '20171026', '00:00', 1, 0, 51, 1, 14, 2, 'AirCairo', 'StayCity', 'Normal', 'Direct'),
('20171106', '00:00', '20171106', '00:00', 1, 0, 51, 1, 32, 2, 'AirCairo', 'StayCity', 'Normal', 'Direct'),
('20171109', '00:00', '20171109', '00:00', 1, 0, 51, 1, 71, 2, 'AirCairo', 'StayCity', 'Normal', 'Direct'),
('20171113', '00:00', '20171113', '00:00', 1, 0, 51, 1, 5, 2, 'AirCairo', 'StayCity', 'Normal', 'Direct'),
('20171116', '00:00', '20171116', '00:00', 1, 0, 51, 1, 46, 2, 'AirCairo', 'StayCity', 'Normal', 'Direct'),
('20171123', '00:00', '20171123', '00:00', 1, 0, 51, 1, 95, 2, 'AirCairo', 'StayCity', 'Normal', 'Direct'),
('20171127', '00:00', '20171127', '00:00', 1, 0, 51, 1, 30, 2, 'AirCairo', 'StayCity', 'Normal', 'Direct'),
('20171202', '00:00', '20171202', '00:00', 1, 0, 51, 1, 103, 2, 'AirCairo', 'StayCity', 'Normal', 'Direct'),
('20171202', '00:00', '20171202', '00:00', 1, 0, 51, 1, 85, 2, 'AirCairo', 'StayCity', 'Apology', 'Direct'),
('20171205', '00:00', '20171205', '00:00', 1, 0, 51, 1, 16, 2, 'AirCairo', 'StayCity', 'Normal', 'Direct'),
('20171215', '00:00', '20171215', '00:00', 1, 0, 51, 1, 103, 2, 'AirCairo', 'StayCity', 'Normal', 'Direct'),
('20170726', '00:00', '20170726', '00:00', 1, 0, 51, 1, 91, 2, 'AirCairo', 'StayCity', 'Normal', 'Direct'),
('20170601', '00:00', '20170601', '00:00', 1, 0, 55, 1, 14, 2, 'AirCairo', 'StayCity', 'Normal', 'Direct'),
('20170602', '00:00', '20170602', '00:00', 1, 0, 55, 1, 14, 2, 'AirCairo', 'StayCity', 'Normal', 'Direct'),
('20170603', '00:00', '20170603', '00:00', 1, 0, 56, 1, 14, 2, 'AirCairo', 'StayCity', 'Normal', 'Direct');
select * from FlightRecord

--UPDATE FlightRecord
--SET OriginTypeName = 'DistantCity'
--WHERE
--OriginTypeName = 'DistantPlace'